run_name,depth,architecture,replicate,checkpoint_step,layer_name,probe_type,mean_pre_sigmoid_ci,mean_lower_ci,mean_upper_ci,median_lower_ci,frac_lower_ci_gt_0p9,frac_lower_ci_lt_0p1,raw_fro_ratio,expected_mask_fro_ratio_mean,expected_train_mask_fro_ratio_mean,mask_attenuation_gap,train_mask_attenuation_gap
exp_07_tms_5_2_2layer_tied_rep1,2,tied,1,5000,linear1,singleton,-0.2264050990343094,0.05000000074505806,0.05172492936253548,0.0,0.05000000074505806,0.949999988079071,1.0025578737258911,0.6347116231918335,0.6334924697875977,0.3678462505340576,0.36906540393829346
exp_07_tms_5_2_2layer_tied_rep1,2,tied,1,5000,linear2,singleton,-0.8460651636123657,0.1178925484418869,0.12128741294145584,0.0,0.05999999865889549,0.8500000238418579,1.0025578737258911,0.7726553678512573,0.7713997960090637,0.2299025058746338,0.2311580777168274
exp_07_tms_5_2_2layer_tied_rep1,2,tied,1,10000,linear1,singleton,-0.4886886179447174,0.04932641610503197,0.04997817054390907,0.0,0.05000000074505806,0.949999988079071,1.000920057296753,0.631940484046936,0.6315039396286011,0.3689795732498169,0.36941611766815186
exp_07_tms_5_2_2layer_tied_rep1,2,tied,1,10000,linear2,singleton,-1.7587594985961914,0.1183549240231514,0.120636947453022,0.0,0.05000000074505806,0.8500000238418579,1.000920057296753,0.773280918598175,0.7728284001350403,0.22763913869857788,0.22809165716171265
exp_07_tms_5_2_2layer_tied_rep1,2,tied,1,15000,linear1,singleton,-0.5600459575653076,0.04928091540932655,0.04960815608501434,0.0,0.05000000074505806,0.949999988079071,1.0014313459396362,0.6324843168258667,0.6317989230155945,0.36894702911376953,0.36963242292404175
exp_07_tms_5_2_2layer_tied_rep1,2,tied,1,15000,linear2,singleton,-2.7553086280822754,0.12186618894338608,0.12230485677719116,0.0,0.07000000029802322,0.8500000238418579,1.0014313459396362,0.7824205160140991,0.7816840410232544,0.2190108299255371,0.21974730491638184
exp_07_tms_5_2_2layer_tied_rep1,2,tied,1,20000,linear1,singleton,-0.5359793305397034,0.049049559980630875,0.0491730198264122,0.0,0.05000000074505806,0.949999988079071,1.0013850927352905,0.6320844292640686,0.6314235925674438,0.3693006634712219,0.3699615001678467
exp_07_tms_5_2_2layer_tied_rep1,2,tied,1,20000,linear2,singleton,-2.6190128326416016,0.12129794806241989,0.12135560810565948,0.0,0.05999999865889549,0.8500000238418579,1.00138521194458,0.7810133695602417,0.7803627848625183,0.22037184238433838,0.22102242708206177
exp_07_tms_5_2_2layer_tied_rep1,2,tied,1,25000,linear1,singleton,-0.5573382377624512,0.04917449504137039,0.04917643591761589,0.0,0.05000000074505806,0.949999988079071,1.0027130842208862,0.6330946683883667,0.6318052411079407,0.36961841583251953,0.37090784311294556
exp_07_tms_5_2_2layer_tied_rep1,2,tied,1,25000,linear2,singleton,-2.4002959728240967,0.1220974326133728,0.12211925536394119,0.0,0.05999999865889549,0.8500000238418579,1.0027130842208862,0.7834597826004028,0.7821605801582336,0.2192533016204834,0.2205525040626526
exp_07_tms_5_2_2layer_tied_rep1,2,tied,1,30000,linear1,singleton,-0.5712411999702454,0.04933492839336395,0.04933791235089302,0.0,0.05000000074505806,0.949999988079071,1.0023645162582397,0.6334580183029175,0.632332444190979,0.36890649795532227,0.37003207206726074
exp_07_tms_5_2_2layer_tied_rep1,2,tied,1,30000,linear2,singleton,-2.443861484527588,0.1216021180152893,0.12160851806402206,0.0,0.07000000029802322,0.8500000238418579,1.0023645162582397,0.7821705937385559,0.7810326218605042,0.22019392251968384,0.2213318943977356
exp_07_tms_5_2_2layer_tied_rep1,2,tied,1,35000,linear1,singleton,-0.5742936730384827,0.04915186017751694,0.049154747277498245,0.0,0.05000000074505806,0.949999988079071,1.0026644468307495,0.6327407360076904,0.6314714550971985,0.3699237108230591,0.371192991733551
exp_07_tms_5_2_2layer_tied_rep1,2,tied,1,35000,linear2,singleton,-2.456829071044922,0.1220623329281807,0.12206492573022842,0.0,0.07000000029802322,0.8500000238418579,1.0026644468307495,0.7828615307807922,0.7815736532211304,0.21980291604995728,0.22109079360961914
exp_07_tms_5_2_2layer_tied_rep1,2,tied,1,40000,linear1,singleton,-0.574053168296814,0.04912756010890007,0.049129072576761246,0.0,0.05000000074505806,0.949999988079071,1.003233790397644,0.6330071687698364,0.6314680576324463,0.3702266216278076,0.37176573276519775
exp_07_tms_5_2_2layer_tied_rep1,2,tied,1,40000,linear2,singleton,-2.46020770072937,0.12198444455862045,0.12198556214570999,0.0,0.07000000029802322,0.8500000238418579,1.003233790397644,0.7830279469490051,0.7814738750457764,0.22020584344863892,0.22175991535186768
exp_07_tms_5_2_2layer_untied_rep1,2,untied,1,5000,linear1,singleton,-0.1362931728363037,0.019999999552965164,0.020391693338751793,0.0,0.019999999552965164,0.9800000190734863,0.9915441870689392,0.6069761514663696,0.6109810471534729,0.3845680356025696,0.3805631399154663
exp_07_tms_5_2_2layer_untied_rep1,2,untied,1,5000,linear2,singleton,-0.2506908178329468,0.03000473789870739,0.03025706298649311,0.0,0.029999999329447746,0.9700000286102295,1.0037661790847778,0.6257306933403015,0.6229307055473328,0.3780354857444763,0.38083547353744507
exp_07_tms_5_2_2layer_untied_rep1,2,untied,1,10000,linear1,singleton,-0.14696024358272552,0.019999999552965164,0.020019443705677986,0.0,0.019999999552965164,0.9800000190734863,0.9912998676300049,0.6062986254692078,0.6103440523147583,0.3850012421607971,0.3809558153152466
exp_07_tms_5_2_2layer_untied_rep1,2,untied,1,10000,linear2,singleton,-0.2321191281080246,0.029647469520568848,0.029683886095881462,0.0,0.029999999329447746,0.9700000286102295,1.0041955709457397,0.625918984413147,0.6226226687431335,0.3782765865325928,0.3815729022026062
exp_07_tms_5_2_2layer_untied_rep1,2,untied,1,15000,linear1,singleton,-0.0646771490573883,0.019880257546901703,0.019895445555448532,0.0,0.019999999552965164,0.9800000190734863,0.9981446266174316,0.6089968681335449,0.6098639369010925,0.3891477584838867,0.3882806897163391
exp_07_tms_5_2_2layer_untied_rep1,2,untied,1,15000,linear2,singleton,-0.18164457380771637,0.029291367158293724,0.029300814494490623,0.0,0.029999999329447746,0.9700000286102295,1.0023704767227173,0.624796450138092,0.6227010488510132,0.37757402658462524,0.3796694278717041
exp_07_tms_5_2_2layer_untied_rep1,2,untied,1,20000,linear1,singleton,-0.04318566620349884,0.019721440970897675,0.01972430758178234,0.0,0.019999999552965164,0.9800000190734863,0.9975192546844482,0.608747124671936,0.6098883748054504,0.3887721300125122,0.3876308798789978
exp_07_tms_5_2_2layer_untied_rep1,2,untied,1,20000,linear2,singleton,-0.15985167026519775,0.028776202350854874,0.028780270367860794,0.0,0.019999999552965164,0.9700000286102295,1.000783920288086,0.6236628293991089,0.6225534677505493,0.37712109088897705,0.3782304525375366
exp_07_tms_5_2_2layer_untied_rep1,2,untied,1,25000,linear1,singleton,-0.033991504460573196,0.019715406000614166,0.019715406000614166,0.0,0.019999999552965164,0.9800000190734863,0.9974095821380615,0.6091529130935669,0.6103559732437134,0.38825666904449463,0.38705360889434814
exp_07_tms_5_2_2layer_untied_rep1,2,untied,1,25000,linear2,singleton,-0.1344897598028183,0.028805403038859367,0.028806263580918312,0.0,0.019999999552965164,0.9700000286102295,1.0015056133270264,0.6234937310218811,0.6218902468681335,0.37801188230514526,0.3796153664588928
exp_07_tms_5_2_2layer_untied_rep1,2,untied,1,30000,linear1,singleton,-0.029787972569465637,0.019809992983937263,0.019810453057289124,0.0,0.019999999552965164,0.9800000190734863,0.9963416457176208,0.6089734435081482,0.610650360584259,0.38736820220947266,0.3856912851333618
exp_07_tms_5_2_2layer_untied_rep1,2,untied,1,30000,linear2,singleton,-0.08656720072031021,0.02869103103876114,0.02869103103876114,0.0,0.019999999552965164,0.9700000286102295,1.0021916627883911,0.6235082149505615,0.621552586555481,0.3786834478378296,0.38063907623291016
exp_07_tms_5_2_2layer_untied_rep1,2,untied,1,35000,linear1,singleton,-0.02795541100203991,0.019802376627922058,0.019803253933787346,0.0,0.019999999552965164,0.9800000190734863,0.9976503849029541,0.6099429130554199,0.6109927892684937,0.3877074718475342,0.38665759563446045
exp_07_tms_5_2_2layer_untied_rep1,2,untied,1,35000,linear2,singleton,-0.0807826966047287,0.028659557923674583,0.028659557923674583,0.0,0.019999999552965164,0.9700000286102295,1.0023902654647827,0.6236006021499634,0.6216107606887817,0.37878966331481934,0.380779504776001
exp_07_tms_5_2_2layer_untied_rep1,2,untied,1,40000,linear1,singleton,-0.026595812290906906,0.019801612943410873,0.019802352413535118,0.0,0.019999999552965164,0.9800000190734863,0.9974492192268372,0.6099581718444824,0.6111003160476685,0.38749104738235474,0.3863489031791687
exp_07_tms_5_2_2layer_untied_rep1,2,untied,1,40000,linear2,singleton,-0.07957729697227478,0.028752125799655914,0.028752125799655914,0.0,0.019999999552965164,0.9700000286102295,1.0031092166900635,0.6240905523300171,0.6217218637466431,0.3790186643600464,0.3813873529434204
exp_07_tms_5_2_3layer_tied_rep1,3,tied,1,5000,linear1,singleton,-0.28127777576446533,0.05000000074505806,0.05166197195649147,0.0,0.05000000074505806,0.949999988079071,1.0039997100830078,0.6360257863998413,0.6341150999069214,0.3679739236831665,0.3698846101760864
exp_07_tms_5_2_3layer_tied_rep1,3,tied,1,5000,linear2,singleton,-0.0683717280626297,0.09804566204547882,0.10196620970964432,0.0,0.05000000074505806,0.8799999952316284,1.0039997100830078,0.7369426488876343,0.7350168228149414,0.26705706119537354,0.2689828872680664
exp_07_tms_5_2_3layer_tied_rep1,3,tied,1,5000,hidden_layers.0,singleton,0.1264217048883438,0.07999999821186066,0.08206222206354141,0.0,0.07999999821186066,0.9200000166893005,0.9965776801109314,0.9196866154670715,0.9213660955429077,0.07689106464385986,0.07521158456802368
exp_07_tms_5_2_3layer_tied_rep1,3,tied,1,10000,linear1,singleton,-0.5436104536056519,0.04926352575421333,0.0497111976146698,0.0,0.05000000074505806,0.949999988079071,1.000745415687561,0.6317895650863647,0.6314296722412109,0.3689558506011963,0.3693157434463501
exp_07_tms_5_2_3layer_tied_rep1,3,tied,1,10000,linear2,singleton,-0.27809813618659973,0.10025985538959503,0.1036008670926094,0.0,0.05000000074505806,0.8799999952316284,1.000745415687561,0.7399742603302002,0.739593505859375,0.26077115535736084,0.26115190982818604
exp_07_tms_5_2_3layer_tied_rep1,3,tied,1,10000,hidden_layers.0,singleton,0.08098863810300827,0.07999999821186066,0.0814310610294342,0.0,0.07999999821186066,0.9200000166893005,0.9988725781440735,0.9223958849906921,0.9229482412338257,0.07647669315338135,0.0759243369102478
exp_07_tms_5_2_3layer_tied_rep1,3,tied,1,15000,linear1,singleton,-0.5970149636268616,0.04889500141143799,0.048895593732595444,0.0,0.05000000074505806,0.949999988079071,1.0020638704299927,0.6315082907676697,0.6305232644081116,0.370555579662323,0.3715406060218811
exp_07_tms_5_2_3layer_tied_rep1,3,tied,1,15000,linear2,singleton,-0.6042755842208862,0.10118507593870163,0.10307365655899048,0.0,0.05000000074505806,0.8799999952316284,1.0020638704299927,0.7441601753234863,0.7431421279907227,0.25790369510650635,0.25892174243927
exp_07_tms_5_2_3layer_tied_rep1,3,tied,1,15000,hidden_layers.0,singleton,0.08197634667158127,0.07999999821186066,0.08086928725242615,0.0,0.07999999821186066,0.9200000166893005,1.0025157928466797,0.9244677424430847,0.9232245683670044,0.07804805040359497,0.07929122447967529
exp_07_tms_5_2_3layer_tied_rep1,3,tied,1,20000,linear1,singleton,-0.5303738713264465,0.04668845236301422,0.04668845236301422,0.0,0.03999999910593033,0.949999988079071,1.0044621229171753,0.626160740852356,0.6240365505218506,0.37830138206481934,0.3804255723953247
exp_07_tms_5_2_3layer_tied_rep1,3,tied,1,20000,linear2,singleton,-0.9429019093513489,0.10136891156435013,0.10220065712928772,0.0,0.05000000074505806,0.8700000047683716,1.0044621229171753,0.745053768157959,0.7429054975509644,0.2594083547592163,0.26155662536621094
exp_07_tms_5_2_3layer_tied_rep1,3,tied,1,20000,hidden_layers.0,singleton,0.07180225849151611,0.07866250723600388,0.07911131531000137,0.0,0.07999999821186066,0.9200000166893005,1.0017741918563843,0.9263153076171875,0.9254439473152161,0.07545888423919678,0.07633024454116821
exp_07_tms_5_2_3layer_tied_rep1,3,tied,1,25000,linear1,singleton,-0.48975878953933716,0.04744604229927063,0.04744604229927063,0.0,0.05000000074505806,0.949999988079071,1.0028858184814453,0.6278359293937683,0.626461923122406,0.375049889087677,0.3764238953590393
exp_07_tms_5_2_3layer_tied_rep1,3,tied,1,25000,linear2,singleton,-1.102052927017212,0.10109270364046097,0.10147357732057571,0.0,0.05000000074505806,0.8700000047683716,1.0028858184814453,0.7444104552268982,0.7430189251899719,0.2584753632545471,0.2598668932914734
exp_07_tms_5_2_3layer_tied_rep1,3,tied,1,25000,hidden_layers.0,singleton,0.07341383397579193,0.07829342782497406,0.07865436375141144,0.0,0.07999999821186066,0.9200000166893005,1.0015544891357422,0.9263440370559692,0.9255800247192383,0.07521045207977295,0.0759744644165039
exp_07_tms_5_2_3layer_tied_rep1,3,tied,1,30000,linear1,singleton,-0.4560288190841675,0.0480019748210907,0.0480019748210907,0.0,0.05000000074505806,0.949999988079071,1.0031533241271973,0.6299955248832703,0.6284948587417603,0.373157799243927,0.374658465385437
exp_07_tms_5_2_3layer_tied_rep1,3,tied,1,30000,linear2,singleton,-1.1469765901565552,0.10200215131044388,0.10222914814949036,0.0,0.05000000074505806,0.8799999952316284,1.0031533241271973,0.7465884685516357,0.7450788617134094,0.2565648555755615,0.25807446241378784
exp_07_tms_5_2_3layer_tied_rep1,3,tied,1,30000,hidden_layers.0,singleton,0.07420844584703445,0.07862687855958939,0.0789165198802948,0.0,0.07999999821186066,0.9200000166893005,1.0025603771209717,0.9281963109970093,0.9269436001777649,0.0743640661239624,0.07561677694320679
exp_07_tms_5_2_3layer_tied_rep1,3,tied,1,35000,linear1,singleton,-0.4497092068195343,0.04827377200126648,0.04827377200126648,0.0,0.05000000074505806,0.949999988079071,1.0030781030654907,0.6308777332305908,0.6294105648994446,0.3722003698348999,0.37366753816604614
exp_07_tms_5_2_3layer_tied_rep1,3,tied,1,35000,linear2,singleton,-1.150447130203247,0.10106291621923447,0.10121692717075348,0.0,0.05000000074505806,0.8799999952316284,1.0030781030654907,0.7449597716331482,0.7434861660003662,0.25811833143234253,0.2595919370651245
exp_07_tms_5_2_3layer_tied_rep1,3,tied,1,35000,hidden_layers.0,singleton,0.07683008909225464,0.07848675549030304,0.07876325398683548,0.0,0.07999999821186066,0.9200000166893005,1.0031087398529053,0.9276334643363953,0.9261140823364258,0.07547527551651001,0.07699465751647949
exp_07_tms_5_2_3layer_tied_rep1,3,tied,1,40000,linear1,singleton,-0.44607433676719666,0.047930579632520676,0.047930579632520676,0.0,0.05000000074505806,0.949999988079071,1.0034549236297607,0.6302818655967712,0.6286357045173645,0.3731730580329895,0.37481921911239624
exp_07_tms_5_2_3layer_tied_rep1,3,tied,1,40000,linear2,singleton,-1.1501476764678955,0.10264100134372711,0.10278435051441193,0.0,0.05000000074505806,0.8700000047683716,1.0034549236297607,0.7488610148429871,0.7472038865089417,0.2545939087867737,0.2562510371208191
exp_07_tms_5_2_3layer_tied_rep1,3,tied,1,40000,hidden_layers.0,singleton,0.07758542895317078,0.07844836264848709,0.0787183940410614,0.0,0.07999999821186066,0.9200000166893005,1.003260612487793,0.9275123476982117,0.9259173274040222,0.0757482647895813,0.07734328508377075
exp_07_tms_5_2_3layer_untied_rep1,3,untied,1,5000,linear1,singleton,-0.0723920464515686,0.018295852467417717,0.018349727615714073,0.0,0.009999999776482582,0.9800000190734863,0.9961491227149963,0.5853662490844727,0.5862426161766052,0.4107828736305237,0.4099065065383911
exp_07_tms_5_2_3layer_untied_rep1,3,untied,1,5000,linear2,singleton,-0.053698454052209854,0.02835366316139698,0.028620952740311623,0.0,0.019999999552965164,0.9700000286102295,1.044882893562317,0.686375617980957,0.6635767221450806,0.35850727558135986,0.38130617141723633
exp_07_tms_5_2_3layer_untied_rep1,3,untied,1,5000,hidden_layers.0,singleton,-0.07377197593450546,0.03412684425711632,0.03426086902618408,0.0,0.019999999552965164,0.9599999785423279,1.039149284362793,0.6840614676475525,0.6643072366714478,0.3550878167152405,0.3748420476913452
exp_07_tms_5_2_3layer_untied_rep1,3,untied,1,10000,linear1,singleton,-0.107818603515625,0.01756703108549118,0.01756703108549118,0.0,0.009999999776482582,0.9800000190734863,0.9942988157272339,0.5842012763023376,0.5861230492591858,0.41009753942489624,0.4081757664680481
exp_07_tms_5_2_3layer_untied_rep1,3,untied,1,10000,linear2,singleton,-0.024083169177174568,0.028011426329612732,0.028239451348781586,0.0,0.019999999552965164,0.9700000286102295,1.0348643064498901,0.6805245876312256,0.6625064611434937,0.35433971881866455,0.3723578453063965
exp_07_tms_5_2_3layer_untied_rep1,3,untied,1,10000,hidden_layers.0,singleton,-0.06216069683432579,0.034536417573690414,0.03465930372476578,0.0,0.019999999552965164,0.9599999785423279,1.0430694818496704,0.6900462508201599,0.6683826446533203,0.3530232310295105,0.3746868371963501
exp_07_tms_5_2_3layer_untied_rep1,3,untied,1,15000,linear1,singleton,-0.10430976748466492,0.017804794013500214,0.017804794013500214,0.0,0.009999999776482582,0.9800000190734863,1.004035234451294,0.5900793075561523,0.5873805284500122,0.4139559268951416,0.41665470600128174
exp_07_tms_5_2_3layer_untied_rep1,3,untied,1,15000,linear2,singleton,-0.02855915017426014,0.028148142620921135,0.028363604098558426,0.0,0.019999999552965164,0.9700000286102295,1.0384304523468018,0.682466983795166,0.6626373529434204,0.35596346855163574,0.37579309940338135
exp_07_tms_5_2_3layer_untied_rep1,3,untied,1,15000,hidden_layers.0,singleton,-0.018613534048199654,0.03438388928771019,0.03449535742402077,0.0,0.019999999552965164,0.9599999785423279,1.0360631942749023,0.6848999857902527,0.6668440103530884,0.35116320848464966,0.36921918392181396
exp_07_tms_5_2_3layer_untied_rep1,3,untied,1,20000,linear1,singleton,-0.09151139110326767,0.017904268577694893,0.017904268577694893,0.0,0.009999999776482582,0.9800000190734863,0.9954350590705872,0.5855375528335571,0.5869026184082031,0.40989750623703003,0.40853244066238403
exp_07_tms_5_2_3layer_untied_rep1,3,untied,1,20000,linear2,singleton,-0.03698473423719406,0.028116049244999886,0.028319744393229485,0.0,0.019999999552965164,0.9700000286102295,1.0560072660446167,0.6908116340637207,0.6624736785888672,0.365195631980896,0.3935335874557495
exp_07_tms_5_2_3layer_untied_rep1,3,untied,1,20000,hidden_layers.0,singleton,-0.004134195391088724,0.03421887755393982,0.03432564437389374,0.0,0.019999999552965164,0.9599999785423279,1.046305537223816,0.689462423324585,0.6662755012512207,0.35684311389923096,0.3800300359725952
exp_07_tms_5_2_3layer_untied_rep1,3,untied,1,25000,linear1,singleton,-0.08856770396232605,0.01776054874062538,0.01776054874062538,0.0,0.009999999776482582,0.9800000190734863,0.9964149594306946,0.584987461566925,0.585923433303833,0.41142749786376953,0.4104915261268616
exp_07_tms_5_2_3layer_untied_rep1,3,untied,1,25000,linear2,singleton,-0.03076743334531784,0.027978088706731796,0.02817709930241108,0.0,0.019999999552965164,0.9700000286102295,1.0428001880645752,0.6825920343399048,0.6606940031051636,0.3602081537246704,0.3821061849594116
exp_07_tms_5_2_3layer_untied_rep1,3,untied,1,25000,hidden_layers.0,singleton,-0.006332007236778736,0.034116487950086594,0.03420756012201309,0.0,0.019999999552965164,0.9599999785423279,1.0454679727554321,0.6883505582809448,0.6654731035232544,0.3571174144744873,0.37999486923217773
exp_07_tms_5_2_3layer_untied_rep1,3,untied,1,30000,linear1,singleton,-0.08060639351606369,0.017634239047765732,0.017634239047765732,0.0,0.009999999776482582,0.9800000190734863,0.9967195987701416,0.5850988626480103,0.5858687162399292,0.41162073612213135,0.4108508825302124
exp_07_tms_5_2_3layer_untied_rep1,3,untied,1,30000,linear2,singleton,-0.0274018757045269,0.028116784989833832,0.028311440721154213,0.0,0.019999999552965164,0.9700000286102295,1.040104627609253,0.6818029880523682,0.6611865758895874,0.35830163955688477,0.3789180517196655
exp_07_tms_5_2_3layer_untied_rep1,3,untied,1,30000,hidden_layers.0,singleton,-0.0027671498246490955,0.03498319536447525,0.0350646935403347,0.0,0.019999999552965164,0.9599999785423279,1.0384763479232788,0.6903405785560608,0.6710964441299438,0.348135769367218,0.36737990379333496
exp_07_tms_5_2_3layer_untied_rep1,3,untied,1,35000,linear1,singleton,-0.07731135189533234,0.017685364931821823,0.017685364931821823,0.0,0.009999999776482582,0.9800000190734863,0.9965740442276001,0.58497154712677,0.5857951045036316,0.4116024971008301,0.4107789397239685
exp_07_tms_5_2_3layer_untied_rep1,3,untied,1,35000,linear2,singleton,-0.028005236759781837,0.02811158262193203,0.028301620855927467,0.0,0.019999999552965164,0.9700000286102295,1.0396301746368408,0.6816496849060059,0.6612583994865417,0.35798048973083496,0.3783717751502991
exp_07_tms_5_2_3layer_untied_rep1,3,untied,1,35000,hidden_layers.0,singleton,-0.0014556325040757656,0.03422453999519348,0.034304797649383545,0.0,0.019999999552965164,0.9599999785423279,1.0380979776382446,0.6848262548446655,0.6656832695007324,0.3532717227935791,0.3724147081375122
exp_07_tms_5_2_3layer_untied_rep1,3,untied,1,40000,linear1,singleton,-0.0767122283577919,0.01768067106604576,0.01768067106604576,0.0,0.009999999776482582,0.9800000190734863,0.9960414171218872,0.5848076939582825,0.5858495831489563,0.41123372316360474,0.4101918339729309
exp_07_tms_5_2_3layer_untied_rep1,3,untied,1,40000,linear2,singleton,-0.02733355201780796,0.028111761435866356,0.028299981728196144,0.0,0.019999999552965164,0.9700000286102295,1.0411297082901,0.6824198365211487,0.6613060832023621,0.3587098717689514,0.37982362508773804
exp_07_tms_5_2_3layer_untied_rep1,3,untied,1,40000,hidden_layers.0,singleton,-0.00020534158102236688,0.03423541411757469,0.03431529179215431,0.0,0.019999999552965164,0.9599999785423279,1.036703109741211,0.6843239068984985,0.6658790111541748,0.3523792028427124,0.37082409858703613
exp_07_tms_5_2_4layer_tied_rep1,4,tied,1,5000,linear1,singleton,-0.10254418104887009,0.05000000074505806,0.052246883511543274,0.0,0.05000000074505806,0.949999988079071,1.001234531402588,0.6350762844085693,0.6344854235649109,0.36615824699401855,0.366749107837677
exp_07_tms_5_2_4layer_tied_rep1,4,tied,1,5000,linear2,singleton,-0.5465882420539856,0.07780131697654724,0.08125580847263336,0.0,0.05000000074505806,0.8899999856948853,1.001234531402588,0.6872040033340454,0.6866491436958313,0.3140305280685425,0.3145853877067566
exp_07_tms_5_2_4layer_tied_rep1,4,tied,1,5000,hidden_layers.0,singleton,0.129119411110878,0.07999999821186066,0.08215505629777908,0.0,0.07999999821186066,0.9200000166893005,1.0043845176696777,0.9252026677131653,0.9230329394340515,0.07918184995651245,0.08135157823562622
exp_07_tms_5_2_4layer_tied_rep1,4,tied,1,5000,hidden_layers.1,singleton,0.11312443763017654,0.07999999821186066,0.08189261704683304,0.0,0.07999999821186066,0.9200000166893005,0.9969156980514526,0.9193047285079956,0.9208047986030579,0.07761096954345703,0.07611089944839478
exp_07_tms_5_2_4layer_tied_rep1,4,tied,1,10000,linear1,singleton,-0.22573700547218323,0.05000000074505806,0.051522936671972275,0.0,0.05000000074505806,0.949999988079071,1.0015220642089844,0.6358333826065063,0.6351145505905151,0.365688681602478,0.36640751361846924
exp_07_tms_5_2_4layer_tied_rep1,4,tied,1,10000,linear2,singleton,-0.7365648150444031,0.07754337042570114,0.08018083870410919,0.0,0.05000000074505806,0.8999999761581421,1.0015220642089844,0.6873301267623901,0.6866344213485718,0.31419193744659424,0.3148876428604126
exp_07_tms_5_2_4layer_tied_rep1,4,tied,1,10000,hidden_layers.0,singleton,0.13132554292678833,0.07999999821186066,0.08168255537748337,0.0,0.07999999821186066,0.9200000166893005,1.0047731399536133,0.9257172346115112,0.923374354839325,0.07905590534210205,0.08139878511428833
exp_07_tms_5_2_4layer_tied_rep1,4,tied,1,10000,hidden_layers.1,singleton,0.08511100709438324,0.07999999821186066,0.08132269978523254,0.0,0.07999999821186066,0.9200000166893005,1.0001866817474365,0.9203179478645325,0.9202157855033875,0.07986873388290405,0.07997089624404907
exp_07_tms_5_2_4layer_tied_rep1,4,tied,1,15000,linear1,singleton,-0.4044695198535919,0.04993399605154991,0.05031401664018631,0.0,0.05000000074505806,0.949999988079071,1.0022268295288086,0.6359836459159851,0.6349214911460876,0.3662431836128235,0.36730533838272095
exp_07_tms_5_2_4layer_tied_rep1,4,tied,1,15000,linear2,singleton,-0.9812988042831421,0.08306379616260529,0.08429767936468124,0.0,0.05000000074505806,0.9100000262260437,1.0022268295288086,0.703691840171814,0.7026068568229675,0.29853498935699463,0.29961997270584106
exp_07_tms_5_2_4layer_tied_rep1,4,tied,1,15000,hidden_layers.0,singleton,0.1466413140296936,0.07999999821186066,0.08124657720327377,0.0,0.07999999821186066,0.9200000166893005,0.9994477033615112,0.9220345616340637,0.9222882390022278,0.07741314172744751,0.07715946435928345
exp_07_tms_5_2_4layer_tied_rep1,4,tied,1,15000,hidden_layers.1,singleton,0.1153704896569252,0.07907775789499283,0.08009390532970428,0.0,0.07999999821186066,0.9200000166893005,0.9980916380882263,0.9167304039001465,0.9176656007766724,0.08136123418807983,0.08042603731155396
exp_07_tms_5_2_4layer_tied_rep1,4,tied,1,20000,linear1,singleton,-0.5101704001426697,0.047907885164022446,0.047907885164022446,0.0,0.05000000074505806,0.949999988079071,0.9999744296073914,0.6283548474311829,0.6283632516860962,0.3716195821762085,0.37161117792129517
exp_07_tms_5_2_4layer_tied_rep1,4,tied,1,20000,linear2,singleton,-1.0839309692382812,0.07970324903726578,0.08019130676984787,0.0,0.05000000074505806,0.9100000262260437,0.9999744296073914,0.6951863169670105,0.695203959941864,0.30478811264038086,0.30477046966552734
exp_07_tms_5_2_4layer_tied_rep1,4,tied,1,20000,hidden_layers.0,singleton,0.14230035245418549,0.07999999821186066,0.08093827217817307,0.0,0.07999999821186066,0.9200000166893005,1.0026154518127441,0.9257016181945801,0.9244181513786316,0.07691383361816406,0.07819730043411255
exp_07_tms_5_2_4layer_tied_rep1,4,tied,1,20000,hidden_layers.1,singleton,0.11152911931276321,0.07775016129016876,0.07848283648490906,0.0,0.07999999821186066,0.9200000166893005,1.0002949237823486,0.9177780151367188,0.917641282081604,0.08251690864562988,0.08265364170074463
exp_07_tms_5_2_4layer_tied_rep1,4,tied,1,25000,linear1,singleton,-0.5044263005256653,0.048634499311447144,0.048635903745889664,0.0,0.05000000074505806,0.949999988079071,1.0035462379455566,0.6338515877723694,0.6321619749069214,0.36969465017318726,0.37138426303863525
exp_07_tms_5_2_4layer_tied_rep1,4,tied,1,25000,linear2,singleton,-1.0210758447647095,0.07973580807447433,0.07996261119842529,0.0,0.03999999910593033,0.8999999761581421,1.0035462379455566,0.6964437365531921,0.6947335600852966,0.3071025013923645,0.30881267786026
exp_07_tms_5_2_4layer_tied_rep1,4,tied,1,25000,hidden_layers.0,singleton,0.1254252791404724,0.07999999821186066,0.08070474863052368,0.0,0.07999999821186066,0.9200000166893005,1.0001856088638306,0.9217015504837036,0.9216042757034302,0.07848405838012695,0.07858133316040039
exp_07_tms_5_2_4layer_tied_rep1,4,tied,1,25000,hidden_layers.1,singleton,0.1132790744304657,0.0779586210846901,0.07864309847354889,0.0,0.07999999821186066,0.9200000166893005,1.0037014484405518,0.9206869006156921,0.9188711047172546,0.08301454782485962,0.08483034372329712
exp_07_tms_5_2_4layer_tied_rep1,4,tied,1,30000,linear1,singleton,-0.49532851576805115,0.047809042036533356,0.047809042036533356,0.0,0.05000000074505806,0.949999988079071,1.0038104057312012,0.6314294934272766,0.6296070218086243,0.37238091230392456,0.3742033839225769
exp_07_tms_5_2_4layer_tied_rep1,4,tied,1,30000,linear2,singleton,-1.0011919736862183,0.07963279634714127,0.07976055890321732,0.0,0.03999999910593033,0.9100000262260437,1.0038104057312012,0.6972287893295288,0.6954030990600586,0.30658161640167236,0.3084073066711426
exp_07_tms_5_2_4layer_tied_rep1,4,tied,1,30000,hidden_layers.0,singleton,0.11062877625226974,0.07999999821186066,0.08053578436374664,0.0,0.07999999821186066,0.9200000166893005,1.000948429107666,0.9226120710372925,0.9221437573432922,0.07833635807037354,0.07880467176437378
exp_07_tms_5_2_4layer_tied_rep1,4,tied,1,30000,hidden_layers.1,singleton,0.11656404286623001,0.07794515043497086,0.0785803496837616,0.0,0.07999999821186066,0.9200000166893005,1.0037368535995483,0.923060417175293,0.9212284088134766,0.08067643642425537,0.08250844478607178
exp_07_tms_5_2_4layer_tied_rep1,4,tied,1,35000,linear1,singleton,-0.4942598044872284,0.048212453722953796,0.048212453722953796,0.0,0.05000000074505806,0.949999988079071,1.0038976669311523,0.6326998472213745,0.6308361887931824,0.37119781970977783,0.37306147813796997
exp_07_tms_5_2_4layer_tied_rep1,4,tied,1,35000,linear2,singleton,-0.9803501963615417,0.08005516976118088,0.08013806492090225,0.0,0.05000000074505806,0.9100000262260437,1.0038976669311523,0.6972578763961792,0.6953784823417664,0.30663979053497314,0.308519184589386
exp_07_tms_5_2_4layer_tied_rep1,4,tied,1,35000,hidden_layers.0,singleton,0.10834500938653946,0.07999999821186066,0.08048581331968307,0.0,0.07999999821186066,0.9200000166893005,1.0006775856018066,0.9233962893486023,0.9230629205703735,0.07728129625320435,0.0776146650314331
exp_07_tms_5_2_4layer_tied_rep1,4,tied,1,35000,hidden_layers.1,singleton,0.11809151619672775,0.0780036449432373,0.07863113284111023,0.0,0.07999999821186066,0.9200000166893005,1.0027040243148804,0.9219897985458374,0.9206668138504028,0.08071422576904297,0.08203721046447754
exp_07_tms_5_2_4layer_tied_rep1,4,tied,1,40000,linear1,singleton,-0.4934197962284088,0.048158492892980576,0.048158492892980576,0.0,0.05000000074505806,0.949999988079071,1.002835988998413,0.6318720579147339,0.6305108666419983,0.3709639310836792,0.3723251223564148
exp_07_tms_5_2_4layer_tied_rep1,4,tied,1,40000,linear2,singleton,-0.9858423471450806,0.07882325351238251,0.07889533042907715,0.0,0.05000000074505806,0.9100000262260437,1.002835988998413,0.6941226720809937,0.6927551031112671,0.30871331691741943,0.310080885887146
exp_07_tms_5_2_4layer_tied_rep1,4,tied,1,40000,hidden_layers.0,singleton,0.10803744941949844,0.07999999821186066,0.08046896010637283,0.0,0.07999999821186066,0.9200000166893005,1.001009225845337,0.923291027545929,0.9227967262268066,0.07771819829940796,0.07821249961853027
exp_07_tms_5_2_4layer_tied_rep1,4,tied,1,40000,hidden_layers.1,singleton,0.11856471747159958,0.07804864645004272,0.07866958528757095,0.0,0.07999999821186066,0.9200000166893005,1.0032355785369873,0.9223824739456177,0.920798122882843,0.08085310459136963,0.08243745565414429
exp_07_tms_5_2_4layer_untied_rep1,4,untied,1,5000,linear1,singleton,-0.08192285895347595,0.019999999552965164,0.02064276859164238,0.0,0.019999999552965164,0.9800000190734863,0.9910321831703186,0.6095623970031738,0.6139705777168274,0.3814697861671448,0.3770616054534912
exp_07_tms_5_2_4layer_untied_rep1,4,untied,1,5000,linear2,singleton,-0.2286272794008255,0.019999999552965164,0.020205385982990265,0.0,0.019999999552965164,0.9800000190734863,0.9887736439704895,0.6081517934799194,0.6123658418655396,0.38062185049057007,0.37640780210494995
exp_07_tms_5_2_4layer_untied_rep1,4,untied,1,5000,hidden_layers.0,singleton,-0.09635713696479797,0.024997802451252937,0.02531503699719906,0.0,0.009999999776482582,0.9700000286102295,1.0037771463394165,0.6637158393859863,0.6619123816490173,0.3400613069534302,0.34186476469039917
exp_07_tms_5_2_4layer_untied_rep1,4,untied,1,5000,hidden_layers.1,singleton,-0.1549360603094101,0.01973489299416542,0.019881701096892357,0.0,0.019999999552965164,0.9800000190734863,1.0022116899490356,0.6154746413230896,0.6143719553947449,0.38673704862594604,0.38783973455429077
exp_07_tms_5_2_4layer_untied_rep1,4,untied,1,10000,linear1,singleton,-0.12725453078746796,0.01834607683122158,0.018404319882392883,0.0,0.009999999776482582,0.9800000190734863,0.9963101148605347,0.6079643368721008,0.6097027063369751,0.38834577798843384,0.38660740852355957
exp_07_tms_5_2_4layer_untied_rep1,4,untied,1,10000,linear2,singleton,-0.2502978444099426,0.018283724784851074,0.01828633062541485,0.0,0.009999999776482582,0.9800000190734863,1.003678321838379,0.6132901906967163,0.6103798747062683,0.3903881311416626,0.3932984471321106
exp_07_tms_5_2_4layer_untied_rep1,4,untied,1,10000,hidden_layers.0,singleton,-0.1603585034608841,0.028460197150707245,0.02850128896534443,0.0,0.019999999552965164,0.9700000286102295,1.0032490491867065,0.6921452283859253,0.6906135678291321,0.31110382080078125,0.31263548135757446
exp_07_tms_5_2_4layer_untied_rep1,4,untied,1,10000,hidden_layers.1,singleton,-0.11637391149997711,0.028365813195705414,0.028395304456353188,0.0,0.019999999552965164,0.9700000286102295,1.0033307075500488,0.6895405650138855,0.6879721879959106,0.31379014253616333,0.3153585195541382
exp_07_tms_5_2_4layer_untied_rep1,4,untied,1,15000,linear1,singleton,-0.10840991884469986,0.01850980520248413,0.01850980520248413,0.0,0.009999999776482582,0.9800000190734863,0.995781660079956,0.6094164252281189,0.6113002896308899,0.38636523485183716,0.38448137044906616
exp_07_tms_5_2_4layer_untied_rep1,4,untied,1,15000,linear2,singleton,-0.24626901745796204,0.018118660897016525,0.01812673732638359,0.0,0.009999999776482582,0.9800000190734863,1.0004175901412964,0.6115628480911255,0.6097577810287476,0.3888547420501709,0.39065980911254883
exp_07_tms_5_2_4layer_untied_rep1,4,untied,1,15000,hidden_layers.0,singleton,-0.20176289975643158,0.028240635991096497,0.028278600424528122,0.0,0.019999999552965164,0.9700000286102295,1.0016311407089233,0.6908345222473145,0.6900316476821899,0.3107966184616089,0.3115994930267334
exp_07_tms_5_2_4layer_untied_rep1,4,untied,1,15000,hidden_layers.1,singleton,-0.073484405875206,0.0281855296343565,0.028226543217897415,0.0,0.019999999552965164,0.9700000286102295,1.0041478872299194,0.6888062953948975,0.6869076490402222,0.315341591835022,0.31724023818969727
exp_07_tms_5_2_4layer_untied_rep1,4,untied,1,20000,linear1,singleton,-0.09322682023048401,0.01825614459812641,0.01825614459812641,0.0,0.009999999776482582,0.9800000190734863,1.0021246671676636,0.6114959716796875,0.6104452013969421,0.3906286954879761,0.39167946577072144
exp_07_tms_5_2_4layer_untied_rep1,4,untied,1,20000,linear2,singleton,-0.22458156943321228,0.01817084290087223,0.01817675679922104,0.0,0.009999999776482582,0.9800000190734863,1.0105650424957275,0.6174852848052979,0.6105899810791016,0.3930797576904297,0.399975061416626
exp_07_tms_5_2_4layer_untied_rep1,4,untied,1,20000,hidden_layers.0,singleton,-0.22377939522266388,0.028078990057110786,0.028108198195695877,0.0,0.019999999552965164,0.9700000286102295,1.0019406080245972,0.6927493214607239,0.6917681694030762,0.3091912865638733,0.310172438621521
exp_07_tms_5_2_4layer_untied_rep1,4,untied,1,20000,hidden_layers.1,singleton,-0.056746773421764374,0.028195511549711227,0.028236696496605873,0.0,0.019999999552965164,0.9700000286102295,1.0043931007385254,0.6894010305404663,0.6873983144760132,0.3149920701980591,0.3169947862625122
exp_07_tms_5_2_4layer_untied_rep1,4,untied,1,25000,linear1,singleton,-0.08732673525810242,0.018206244334578514,0.018206244334578514,0.0,0.009999999776482582,0.9800000190734863,0.9979223012924194,0.6095803380012512,0.6104461550712585,0.3883419632911682,0.3874761462211609
exp_07_tms_5_2_4layer_untied_rep1,4,untied,1,25000,linear2,singleton,-0.22650665044784546,0.01831144094467163,0.018320852890610695,0.0,0.009999999776482582,0.9800000190734863,1.0094884634017944,0.6176770329475403,0.6111758947372437,0.39181143045425415,0.3983125686645508
exp_07_tms_5_2_4layer_untied_rep1,4,untied,1,25000,hidden_layers.0,singleton,-0.2358558028936386,0.027925271540880203,0.027969103306531906,0.0,0.019999999552965164,0.9700000286102295,1.002538800239563,0.6919559240341187,0.6908086538314819,0.31058287620544434,0.31173014640808105
exp_07_tms_5_2_4layer_untied_rep1,4,untied,1,25000,hidden_layers.1,singleton,-0.05386516451835632,0.02909763902425766,0.029142746701836586,0.0,0.019999999552965164,0.9700000286102295,1.0040040016174316,0.6923059225082397,0.6904873251914978,0.3116980791091919,0.31351667642593384
exp_07_tms_5_2_4layer_untied_rep1,4,untied,1,30000,linear1,singleton,-0.0846896767616272,0.018176008015871048,0.018176008015871048,0.0,0.009999999776482582,0.9800000190734863,0.9994354844093323,0.6103652715682983,0.610546886920929,0.38907021284103394,0.3888885974884033
exp_07_tms_5_2_4layer_untied_rep1,4,untied,1,30000,linear2,singleton,-0.22259554266929626,0.01827368326485157,0.01827731356024742,0.0,0.009999999776482582,0.9800000190734863,1.0134639739990234,0.6194303631782532,0.61101895570755,0.39403361082077026,0.4024450182914734
exp_07_tms_5_2_4layer_untied_rep1,4,untied,1,30000,hidden_layers.0,singleton,-0.24228723347187042,0.027784358710050583,0.027824709191918373,0.0,0.019999999552965164,0.9700000286102295,1.0035591125488281,0.6919487714767456,0.6902481317520142,0.3116103410720825,0.31331098079681396
exp_07_tms_5_2_4layer_untied_rep1,4,untied,1,30000,hidden_layers.1,singleton,-0.048163045197725296,0.029454130679368973,0.029507674276828766,0.0,0.019999999552965164,0.9599999785423279,1.0048362016677856,0.6934703588485718,0.6912409067153931,0.31136584281921387,0.3135952949523926
exp_07_tms_5_2_4layer_untied_rep1,4,untied,1,35000,linear1,singleton,-0.08480129390954971,0.018092140555381775,0.018092140555381775,0.0,0.009999999776482582,0.9800000190734863,1.0008876323699951,0.6101700067520142,0.6096346378326416,0.39071762561798096,0.3912529945373535
exp_07_tms_5_2_4layer_untied_rep1,4,untied,1,35000,linear2,singleton,-0.22068922221660614,0.018559740856289864,0.018562406301498413,0.0,0.009999999776482582,0.9800000190734863,1.0126172304153442,0.6209768056869507,0.6129990220069885,0.39164042472839355,0.3996182084083557
exp_07_tms_5_2_4layer_untied_rep1,4,untied,1,35000,hidden_layers.0,singleton,-0.24401885271072388,0.027960538864135742,0.027996230870485306,0.0,0.019999999552965164,0.9700000286102295,1.0037482976913452,0.6924523115158081,0.6907168626785278,0.3112959861755371,0.3130314350128174
exp_07_tms_5_2_4layer_untied_rep1,4,untied,1,35000,hidden_layers.1,singleton,-0.048263996839523315,0.02824006974697113,0.028292560949921608,0.0,0.019999999552965164,0.9700000286102295,1.0032392740249634,0.6890217661857605,0.6875852346420288,0.3142175078392029,0.31565403938293457
exp_07_tms_5_2_4layer_untied_rep1,4,untied,1,40000,linear1,singleton,-0.08414465188980103,0.018058620393276215,0.018058620393276215,0.0,0.009999999776482582,0.9800000190734863,0.9998555779457092,0.6093541979789734,0.6093308925628662,0.39050137996673584,0.390524685382843
exp_07_tms_5_2_4layer_untied_rep1,4,untied,1,40000,linear2,singleton,-0.21954651176929474,0.01894763670861721,0.01895010471343994,0.0,0.009999999776482582,0.9800000190734863,1.0124300718307495,0.6233843564987183,0.6155552864074707,0.38904571533203125,0.3968747854232788
exp_07_tms_5_2_4layer_untied_rep1,4,untied,1,40000,hidden_layers.0,singleton,-0.24354512989521027,0.027902353554964066,0.02793891355395317,0.0,0.019999999552965164,0.9700000286102295,1.0040467977523804,0.6923763751983643,0.6904665231704712,0.3116704225540161,0.3135802745819092
exp_07_tms_5_2_4layer_untied_rep1,4,untied,1,40000,hidden_layers.1,singleton,-0.04724776744842529,0.028197728097438812,0.028251519426703453,0.0,0.019999999552965164,0.9700000286102295,1.0034875869750977,0.6889623403549194,0.687409520149231,0.3145252466201782,0.3160780668258667
exp_07_tms_5_2_5layer_tied_rep1,5,tied,1,5000,linear1,singleton,-0.09918607771396637,0.05235999450087547,0.053964611142873764,0.0,0.05000000074505806,0.9399999976158142,1.0017917156219482,0.6833059191703796,0.6824458837509155,0.3184857964515686,0.3193458318710327
exp_07_tms_5_2_5layer_tied_rep1,5,tied,1,5000,linear2,singleton,0.08025650680065155,0.0751807913184166,0.07838863134384155,0.0,0.07000000029802322,0.9200000166893005,1.0017917156219482,0.7560602426528931,0.7551907300949097,0.24573147296905518,0.24660098552703857
exp_07_tms_5_2_5layer_tied_rep1,5,tied,1,5000,hidden_layers.0,singleton,0.19843627512454987,0.07606236636638641,0.0787016898393631,0.0,0.05999999865889549,0.9200000166893005,0.9992369413375854,0.8973522186279297,0.8977440595626831,0.10188472270965576,0.10149288177490234
exp_07_tms_5_2_5layer_tied_rep1,5,tied,1,5000,hidden_layers.1,singleton,0.23764950037002563,0.07394341379404068,0.07638686150312424,0.0,0.07000000029802322,0.9200000166893005,0.9988557696342468,0.8906594514846802,0.8911965489387512,0.10819631814956665,0.1076592206954956
exp_07_tms_5_2_5layer_tied_rep1,5,tied,1,5000,hidden_layers.2,singleton,0.21597379446029663,0.07463637739419937,0.07753267139196396,0.0,0.07000000029802322,0.9200000166893005,1.0013891458511353,0.8949238061904907,0.894270122051239,0.10646533966064453,0.10711902379989624
exp_07_tms_5_2_5layer_tied_rep1,5,tied,1,10000,linear1,singleton,-0.10083124041557312,0.054646991193294525,0.05608678236603737,0.0,0.05000000074505806,0.9399999976158142,1.0013515949249268,0.6873171925544739,0.6866034865379333,0.3140344023704529,0.3147481083869934
exp_07_tms_5_2_5layer_tied_rep1,5,tied,1,10000,linear2,singleton,0.26220062375068665,0.07455869764089584,0.07763204723596573,0.0,0.07000000029802322,0.9100000262260437,1.0013515949249268,0.7544456720352173,0.7535871267318726,0.24690592288970947,0.2477644681930542
exp_07_tms_5_2_5layer_tied_rep1,5,tied,1,10000,hidden_layers.0,singleton,0.22665703296661377,0.07576493173837662,0.07836100459098816,0.0,0.05999999865889549,0.9200000166893005,1.0039771795272827,0.9000438451766968,0.8980756998062134,0.10393333435058594,0.10590147972106934
exp_07_tms_5_2_5layer_tied_rep1,5,tied,1,10000,hidden_layers.1,singleton,0.2394251674413681,0.0729416012763977,0.0752418264746666,0.0,0.07000000029802322,0.9200000166893005,0.9994615316390991,0.8883099555969238,0.8886469602584839,0.11115157604217529,0.11081457138061523
exp_07_tms_5_2_5layer_tied_rep1,5,tied,1,10000,hidden_layers.2,singleton,0.25401782989501953,0.0746682658791542,0.07738067209720612,0.0,0.07000000029802322,0.9200000166893005,1.002698302268982,0.8972132802009583,0.8958674669265747,0.10548502206802368,0.10683083534240723
exp_07_tms_5_2_5layer_tied_rep1,5,tied,1,15000,linear1,singleton,-0.08592364937067032,0.0583263635635376,0.05956662818789482,0.0,0.03999999910593033,0.9399999976158142,0.9980985522270203,0.6939646005630493,0.6949392557144165,0.30413395166397095,0.30315929651260376
exp_07_tms_5_2_5layer_tied_rep1,5,tied,1,15000,linear2,singleton,0.24072693288326263,0.08026278764009476,0.08278515934944153,0.0,0.07000000029802322,0.9200000166893005,0.9980985522270203,0.7659918665885925,0.7668841481208801,0.23210668563842773,0.23121440410614014
exp_07_tms_5_2_5layer_tied_rep1,5,tied,1,15000,hidden_layers.0,singleton,0.26273688673973083,0.0769575983285904,0.07934299111366272,0.0,0.07000000029802322,0.9200000166893005,1.0010262727737427,0.9047721028327942,0.9042439460754395,0.09625416994094849,0.09678232669830322
exp_07_tms_5_2_5layer_tied_rep1,5,tied,1,15000,hidden_layers.1,singleton,0.2342863529920578,0.07629947364330292,0.0784020870923996,0.0,0.05999999865889549,0.9200000166893005,1.0012093782424927,0.9086756706237793,0.9080873727798462,0.09253370761871338,0.09312200546264648
exp_07_tms_5_2_5layer_tied_rep1,5,tied,1,15000,hidden_layers.2,singleton,0.271541565656662,0.07734135538339615,0.07976751029491425,0.0,0.07000000029802322,0.9200000166893005,1.0013731718063354,0.9090051651000977,0.9083448648452759,0.09236800670623779,0.09302830696105957
exp_07_tms_5_2_5layer_tied_rep1,5,tied,1,20000,linear1,singleton,-0.09364550560712814,0.059421662241220474,0.060645975172519684,0.0,0.03999999910593033,0.9300000071525574,0.9988034963607788,0.6972107887268066,0.6976597905158997,0.30159270763397217,0.30114370584487915
exp_07_tms_5_2_5layer_tied_rep1,5,tied,1,20000,linear2,singleton,0.2014477550983429,0.081424281001091,0.08347883075475693,0.0,0.07000000029802322,0.9100000262260437,0.9988034963607788,0.770132303237915,0.7703961133956909,0.22867119312286377,0.2284073829650879
exp_07_tms_5_2_5layer_tied_rep1,5,tied,1,20000,hidden_layers.0,singleton,0.26491251587867737,0.07630837708711624,0.0785115584731102,0.0,0.07000000029802322,0.9200000166893005,0.9991408586502075,0.9002488255500793,0.9006668925285339,0.09889203310012817,0.09847396612167358
exp_07_tms_5_2_5layer_tied_rep1,5,tied,1,20000,hidden_layers.1,singleton,0.23434287309646606,0.07696862518787384,0.07896405458450317,0.0,0.05999999865889549,0.9200000166893005,1.0019164085388184,0.9121900796890259,0.9112513661384583,0.08972632884979248,0.09066504240036011
exp_07_tms_5_2_5layer_tied_rep1,5,tied,1,20000,hidden_layers.2,singleton,0.25977009534835815,0.07724210619926453,0.07942233234643936,0.0,0.07000000029802322,0.9200000166893005,1.0015254020690918,0.9083181619644165,0.9075624346733093,0.09320724010467529,0.09396296739578247
exp_07_tms_5_2_5layer_tied_rep1,5,tied,1,25000,linear1,singleton,-0.09587487578392029,0.05935300886631012,0.060578469187021255,0.0,0.03999999910593033,0.9300000071525574,0.9983358383178711,0.6961596608161926,0.6968560218811035,0.30217617750167847,0.3014798164367676
exp_07_tms_5_2_5layer_tied_rep1,5,tied,1,25000,linear2,singleton,0.16601714491844177,0.08074866980314255,0.08242761343717575,0.0,0.07000000029802322,0.9100000262260437,0.9983358383178711,0.7672568559646606,0.7679125666618347,0.23107898235321045,0.23042327165603638
exp_07_tms_5_2_5layer_tied_rep1,5,tied,1,25000,hidden_layers.0,singleton,0.25603917241096497,0.07643424719572067,0.07847621291875839,0.0,0.07000000029802322,0.9200000166893005,0.9999641180038452,0.9014600515365601,0.9014703631401062,0.09850406646728516,0.09849375486373901
exp_07_tms_5_2_5layer_tied_rep1,5,tied,1,25000,hidden_layers.1,singleton,0.23266838490962982,0.07713437080383301,0.0790233239531517,0.0,0.05999999865889549,0.9200000166893005,1.0033079385757446,0.9140756726264954,0.9124584197998047,0.08923226594924927,0.09084951877593994
exp_07_tms_5_2_5layer_tied_rep1,5,tied,1,25000,hidden_layers.2,singleton,0.2365008145570755,0.07694780081510544,0.07885581254959106,0.0,0.07000000029802322,0.9200000166893005,1.0015655755996704,0.9077070951461792,0.9069375991821289,0.09385848045349121,0.0946279764175415
exp_07_tms_5_2_5layer_tied_rep1,5,tied,1,30000,linear1,singleton,-0.0982605442404747,0.05926547944545746,0.06048034131526947,0.0,0.03999999910593033,0.9300000071525574,0.998809278011322,0.6963533163070679,0.6968097686767578,0.30245596170425415,0.3019995093345642
exp_07_tms_5_2_5layer_tied_rep1,5,tied,1,30000,linear2,singleton,0.1652778685092926,0.08041776716709137,0.08202113211154938,0.0,0.07000000029802322,0.9200000166893005,0.998809278011322,0.7674103379249573,0.7676814198493958,0.23139894008636475,0.23112785816192627
exp_07_tms_5_2_5layer_tied_rep1,5,tied,1,30000,hidden_layers.0,singleton,0.25109654664993286,0.0763840451836586,0.07834617793560028,0.0,0.07000000029802322,0.9200000166893005,1.0011540651321411,0.9024744033813477,0.9019067883491516,0.09867966175079346,0.0992472767829895
exp_07_tms_5_2_5layer_tied_rep1,5,tied,1,30000,hidden_layers.1,singleton,0.22705429792404175,0.07712152600288391,0.07891615480184555,0.0,0.05999999865889549,0.9200000166893005,1.002518653869629,0.9138616323471069,0.9126294255256653,0.08865702152252197,0.08988922834396362
exp_07_tms_5_2_5layer_tied_rep1,5,tied,1,30000,hidden_layers.2,singleton,0.21787795424461365,0.07698962837457657,0.07864149659872055,0.0,0.07000000029802322,0.9200000166893005,1.0007437467575073,0.9073390960693359,0.9069787263870239,0.09340465068817139,0.0937650203704834
exp_07_tms_5_2_5layer_tied_rep1,5,tied,1,35000,linear1,singleton,-0.09628870338201523,0.0596180260181427,0.06083722412586212,0.0,0.03999999910593033,0.9300000071525574,0.9977124929428101,0.6967130899429321,0.6976844668388367,0.30099940299987793,0.3000280261039734
exp_07_tms_5_2_5layer_tied_rep1,5,tied,1,35000,linear2,singleton,0.1600140780210495,0.08090176433324814,0.08247175067663193,0.0,0.07000000029802322,0.9100000262260437,0.9977124929428101,0.7678481340408325,0.7686565518379211,0.22986435890197754,0.22905594110488892
exp_07_tms_5_2_5layer_tied_rep1,5,tied,1,35000,hidden_layers.0,singleton,0.2526021897792816,0.07629591971635818,0.07824426889419556,0.0,0.07000000029802322,0.9200000166893005,0.999911904335022,0.9012993574142456,0.9013335108757019,0.09861254692077637,0.09857839345932007
exp_07_tms_5_2_5layer_tied_rep1,5,tied,1,35000,hidden_layers.1,singleton,0.226923868060112,0.07736863940954208,0.07913237065076828,0.0,0.05999999865889549,0.9200000166893005,1.0029404163360596,0.9153364300727844,0.9138982892036438,0.08760398626327515,0.08904212713241577
exp_07_tms_5_2_5layer_tied_rep1,5,tied,1,35000,hidden_layers.2,singleton,0.21051080524921417,0.07745442539453506,0.07899096608161926,0.0,0.07000000029802322,0.9200000166893005,1.000362515449524,0.9081109762191772,0.9079300761222839,0.09225153923034668,0.09243243932723999
exp_07_tms_5_2_5layer_tied_rep1,5,tied,1,40000,linear1,singleton,-0.09617990255355835,0.05981222167611122,0.06102884188294411,0.0,0.03999999910593033,0.9300000071525574,0.9980464577674866,0.6970523595809937,0.6978719830513,0.3009940981864929,0.3001744747161865
exp_07_tms_5_2_5layer_tied_rep1,5,tied,1,40000,linear2,singleton,0.15980614721775055,0.08065559715032578,0.08221664279699326,0.0,0.07000000029802322,0.9100000262260437,0.9980464577674866,0.7677350044250488,0.7683545351028442,0.23031145334243774,0.22969192266464233
exp_07_tms_5_2_5layer_tied_rep1,5,tied,1,40000,hidden_layers.0,singleton,0.25315627455711365,0.0763385072350502,0.07828325778245926,0.0,0.07000000029802322,0.9200000166893005,0.999820351600647,0.9009836316108704,0.9010629653930664,0.09883671998977661,0.09875738620758057
exp_07_tms_5_2_5layer_tied_rep1,5,tied,1,40000,hidden_layers.1,singleton,0.22788923978805542,0.07769887149333954,0.07946384698152542,0.0,0.07000000029802322,0.9200000166893005,1.002826452255249,0.9172700643539429,0.9158872365951538,0.08555638790130615,0.08693921566009521
exp_07_tms_5_2_5layer_tied_rep1,5,tied,1,40000,hidden_layers.2,singleton,0.21051025390625,0.07777727395296097,0.0793001800775528,0.0,0.07000000029802322,0.9200000166893005,1.0009397268295288,0.9103050231933594,0.909838080406189,0.09063470363616943,0.09110164642333984
exp_07_tms_5_2_5layer_untied_rep1,5,untied,1,5000,linear1,singleton,-0.15144281089305878,0.02892185188829899,0.029271911829710007,0.0,0.019999999552965164,0.9700000286102295,1.013524055480957,0.6267588138580322,0.620219349861145,0.3867652416229248,0.393304705619812
exp_07_tms_5_2_5layer_untied_rep1,5,untied,1,5000,linear2,singleton,-0.015285595320165157,0.029999999329447746,0.030728960409760475,0.0,0.029999999329447746,0.9700000286102295,1.0130116939544678,0.6928181648254395,0.6858334541320801,0.3201935291290283,0.3271782398223877
exp_07_tms_5_2_5layer_untied_rep1,5,untied,1,5000,hidden_layers.0,singleton,-0.06977415829896927,0.029999999329447746,0.030793912708759308,0.0,0.029999999329447746,0.9700000286102295,0.9985706806182861,0.6839362382888794,0.6846644282341003,0.31463444232940674,0.3139062523841858
exp_07_tms_5_2_5layer_untied_rep1,5,untied,1,5000,hidden_layers.1,singleton,-0.09297387301921844,0.029999999329447746,0.030578628182411194,0.0,0.029999999329447746,0.9700000286102295,1.0008831024169922,0.6922763586044312,0.6918954849243164,0.30860674381256104,0.3089876174926758
exp_07_tms_5_2_5layer_untied_rep1,5,untied,1,5000,hidden_layers.2,singleton,0.006075629033148289,0.029999999329447746,0.031067820265889168,0.0,0.029999999329447746,0.9700000286102295,0.9982569217681885,0.683355450630188,0.6841922998428345,0.3149014711380005,0.314064621925354
exp_07_tms_5_2_5layer_untied_rep1,5,untied,1,10000,linear1,singleton,-0.16472746431827545,0.026205111294984818,0.026205111294984818,0.0,0.0,0.9700000286102295,1.0191069841384888,0.6308191418647766,0.6215223073959351,0.38828784227371216,0.3975846767425537
exp_07_tms_5_2_5layer_untied_rep1,5,untied,1,10000,linear2,singleton,-0.055953655391931534,0.026665523648262024,0.027035491541028023,0.0,0.009999999776482582,0.9700000286102295,1.0316755771636963,0.6893016695976257,0.6730683445930481,0.34237390756607056,0.3586072325706482
exp_07_tms_5_2_5layer_untied_rep1,5,untied,1,10000,hidden_layers.0,singleton,-0.09650590270757675,0.028824763372540474,0.029398731887340546,0.0,0.019999999552965164,0.9700000286102295,1.0078240633010864,0.6917986869812012,0.6881757974624634,0.31602537631988525,0.31964826583862305
exp_07_tms_5_2_5layer_untied_rep1,5,untied,1,10000,hidden_layers.1,singleton,-0.12019014358520508,0.028682230040431023,0.028982698917388916,0.0,0.019999999552965164,0.9700000286102295,1.0043011903762817,0.6964812874794006,0.6945082545280457,0.3078199028968811,0.3097929358482361
exp_07_tms_5_2_5layer_untied_rep1,5,untied,1,10000,hidden_layers.2,singleton,-0.07632900029420853,0.027306996285915375,0.02770244888961315,0.0,0.009999999776482582,0.9700000286102295,1.0075589418411255,0.68364417552948,0.6803476214408875,0.3239147663116455,0.32721132040023804
exp_07_tms_5_2_5layer_untied_rep1,5,untied,1,15000,linear1,singleton,-0.27692973613739014,0.025492709130048752,0.025492709130048752,0.0,0.0,0.9700000286102295,1.0202186107635498,0.6329597234725952,0.6231333017349243,0.3872588872909546,0.3970853090286255
exp_07_tms_5_2_5layer_untied_rep1,5,untied,1,15000,linear2,singleton,-0.08963281661272049,0.027475671842694283,0.02780456282198429,0.0,0.009999999776482582,0.9700000286102295,1.033412218093872,0.6919623613357544,0.6746071577072144,0.3414498567581177,0.3588050603866577
exp_07_tms_5_2_5layer_untied_rep1,5,untied,1,15000,hidden_layers.0,singleton,-0.1648220270872116,0.027113351970911026,0.0275682732462883,0.0,0.009999999776482582,0.9700000286102295,1.0060566663742065,0.6853489279747009,0.6824544668197632,0.3207077383995056,0.32360219955444336
exp_07_tms_5_2_5layer_untied_rep1,5,untied,1,15000,hidden_layers.1,singleton,-0.1189117506146431,0.02765774540603161,0.027767911553382874,0.0,0.019999999552965164,0.9700000286102295,1.0076346397399902,0.6977778673171997,0.6942510604858398,0.3098567724227905,0.3133835792541504
exp_07_tms_5_2_5layer_untied_rep1,5,untied,1,15000,hidden_layers.2,singleton,-0.11319052428007126,0.027588631957769394,0.027961546555161476,0.0,0.009999999776482582,0.9700000286102295,1.0130702257156372,0.6912696361541748,0.6849589347839355,0.3218005895614624,0.32811129093170166
exp_07_tms_5_2_5layer_untied_rep1,5,untied,1,20000,linear1,singleton,-0.3566756546497345,0.02569432742893696,0.02569432742893696,0.0,0.0,0.9700000286102295,1.0110543966293335,0.627295196056366,0.6219415068626404,0.38375920057296753,0.3891128897666931
exp_07_tms_5_2_5layer_untied_rep1,5,untied,1,20000,linear2,singleton,-0.10969436913728714,0.02797950804233551,0.028281068429350853,0.0,0.019999999552965164,0.9700000286102295,1.0389662981033325,0.701951801776886,0.6819232106208801,0.33701449632644653,0.3570430874824524
exp_07_tms_5_2_5layer_untied_rep1,5,untied,1,20000,hidden_layers.0,singleton,-0.17354363203048706,0.027552807703614235,0.027992449700832367,0.0,0.009999999776482582,0.9700000286102295,1.0112857818603516,0.6931008100509644,0.6876198649406433,0.3181849718093872,0.32366591691970825
exp_07_tms_5_2_5layer_untied_rep1,5,untied,1,20000,hidden_layers.1,singleton,-0.07309768348932266,0.025864534080028534,0.025864534080028534,0.0,0.009999999776482582,0.9700000286102295,1.0073097944259644,0.6907755732536316,0.6871588230133057,0.31653422117233276,0.3201509714126587
exp_07_tms_5_2_5layer_untied_rep1,5,untied,1,20000,hidden_layers.2,singleton,-0.13494403660297394,0.028012627735733986,0.028369314968585968,0.0,0.019999999552965164,0.9700000286102295,1.0037434101104736,0.6907574534416199,0.6891095042228699,0.31298595666885376,0.31463390588760376
exp_07_tms_5_2_5layer_untied_rep1,5,untied,1,25000,linear1,singleton,-0.33575424551963806,0.025586850941181183,0.025586850941181183,0.0,0.0,0.9700000286102295,1.014396071434021,0.6284486055374146,0.6214607357978821,0.38594746589660645,0.3929353356361389
exp_07_tms_5_2_5layer_untied_rep1,5,untied,1,25000,linear2,singleton,-0.12728457152843475,0.02783949300646782,0.028110075742006302,0.0,0.019999999552965164,0.9700000286102295,1.0389641523361206,0.7016007304191589,0.6813487410545349,0.33736342191696167,0.3576154112815857
exp_07_tms_5_2_5layer_untied_rep1,5,untied,1,25000,hidden_layers.0,singleton,-0.17706824839115143,0.027511605992913246,0.027927782386541367,0.0,0.009999999776482582,0.9700000286102295,1.0124856233596802,0.6937074065208435,0.6875002384185791,0.31877821683883667,0.3249853849411011
exp_07_tms_5_2_5layer_untied_rep1,5,untied,1,25000,hidden_layers.1,singleton,-0.054195012897253036,0.026138609275221825,0.026138609275221825,0.0,0.009999999776482582,0.9700000286102295,1.0091274976730347,0.6956919431686401,0.6914228200912476,0.31343555450439453,0.3177046775817871
exp_07_tms_5_2_5layer_untied_rep1,5,untied,1,25000,hidden_layers.2,singleton,-0.15491287410259247,0.02767590992152691,0.02802332490682602,0.0,0.019999999552965164,0.9700000286102295,1.0055983066558838,0.6892959475517273,0.6867983341217041,0.3163023591041565,0.3187999725341797
exp_07_tms_5_2_5layer_untied_rep1,5,untied,1,30000,linear1,singleton,-0.3371957838535309,0.025676701217889786,0.025676701217889786,0.0,0.0,0.9700000286102295,1.0147168636322021,0.6281776428222656,0.6210386157035828,0.3865392208099365,0.3936782479286194
exp_07_tms_5_2_5layer_untied_rep1,5,untied,1,30000,linear2,singleton,-0.13331152498722076,0.027562633156776428,0.02782604657113552,0.0,0.009999999776482582,0.9700000286102295,1.040016531944275,0.7000588178634644,0.6793242692947388,0.33995771408081055,0.36069226264953613
exp_07_tms_5_2_5layer_untied_rep1,5,untied,1,30000,hidden_layers.0,singleton,-0.1780182272195816,0.02775772102177143,0.02816428616642952,0.0,0.019999999552965164,0.9700000286102295,1.010036826133728,0.6936421394348145,0.6888411641120911,0.3163946866989136,0.32119566202163696
exp_07_tms_5_2_5layer_untied_rep1,5,untied,1,30000,hidden_layers.1,singleton,-0.04584521800279617,0.02589895762503147,0.02589895762503147,0.0,0.0,0.9700000286102295,1.0090937614440918,0.6943269968032837,0.6898893117904663,0.3147667646408081,0.3192044496536255
exp_07_tms_5_2_5layer_untied_rep1,5,untied,1,30000,hidden_layers.2,singleton,-0.16729144752025604,0.02773898094892502,0.028085317462682724,0.0,0.019999999552965164,0.9700000286102295,1.0077569484710693,0.6906289458274841,0.6868710517883301,0.3171280026435852,0.32088589668273926
exp_07_tms_5_2_5layer_untied_rep1,5,untied,1,35000,linear1,singleton,-0.33473068475723267,0.02554580755531788,0.02554580755531788,0.0,0.0,0.9700000286102295,1.013479471206665,0.626483678817749,0.6199396848678589,0.386995792388916,0.39353978633880615
exp_07_tms_5_2_5layer_untied_rep1,5,untied,1,35000,linear2,singleton,-0.13529305160045624,0.027581296861171722,0.027842607349157333,0.0,0.009999999776482582,0.9700000286102295,1.042664885520935,0.7017730474472046,0.6798254251480103,0.34089183807373047,0.3628394603729248
exp_07_tms_5_2_5layer_untied_rep1,5,untied,1,35000,hidden_layers.0,singleton,-0.17781314253807068,0.02757270075380802,0.027974216267466545,0.0,0.009999999776482582,0.9700000286102295,1.0055291652679443,0.6890317797660828,0.6863903999328613,0.3164973855018616,0.319138765335083
exp_07_tms_5_2_5layer_untied_rep1,5,untied,1,35000,hidden_layers.1,singleton,-0.04474519193172455,0.02586468681693077,0.02586468681693077,0.0,0.0,0.9700000286102295,1.0086243152618408,0.6943112015724182,0.6901750564575195,0.3143131136894226,0.3184492588043213
exp_07_tms_5_2_5layer_untied_rep1,5,untied,1,35000,hidden_layers.2,singleton,-0.16824647784233093,0.027647215873003006,0.027988610789179802,0.0,0.019999999552965164,0.9700000286102295,1.0062198638916016,0.6889669895172119,0.6860393285751343,0.31725287437438965,0.3201805353164673
exp_07_tms_5_2_5layer_untied_rep1,5,untied,1,40000,linear1,singleton,-0.33326590061187744,0.02555384859442711,0.02555384859442711,0.0,0.0,0.9700000286102295,1.0133326053619385,0.6264265179634094,0.6199493408203125,0.38690608739852905,0.393383264541626
exp_07_tms_5_2_5layer_untied_rep1,5,untied,1,40000,linear2,singleton,-0.13533355295658112,0.027641434222459793,0.02790425345301628,0.0,0.019999999552965164,0.9700000286102295,1.04258394241333,0.7023568153381348,0.6804390549659729,0.3402271270751953,0.3621448874473572
exp_07_tms_5_2_5layer_untied_rep1,5,untied,1,40000,hidden_layers.0,singleton,-0.17742884159088135,0.02758018486201763,0.027981672435998917,0.0,0.009999999776482582,0.9700000286102295,1.0059224367141724,0.689318060874939,0.6864984631538391,0.3166043758392334,0.31942397356033325
exp_07_tms_5_2_5layer_untied_rep1,5,untied,1,40000,hidden_layers.1,singleton,-0.0435749776661396,0.02601226605474949,0.02601226605474949,0.0,0.009999999776482582,0.9700000286102295,1.0088344812393188,0.6950527429580688,0.6908418536186218,0.31378173828125,0.317992627620697
exp_07_tms_5_2_5layer_untied_rep1,5,untied,1,40000,hidden_layers.2,singleton,-0.1687452346086502,0.02759360335767269,0.02793419174849987,0.0,0.009999999776482582,0.9700000286102295,1.0066388845443726,0.6887984275817871,0.6856376528739929,0.31784045696258545,0.32100123167037964
exp_07_tms_5_2_6layer_tied_rep1,6,tied,1,5000,linear1,singleton,-0.16087257862091064,0.03999999910593033,0.040792953222990036,0.0,0.03999999910593033,0.9599999785423279,1.0018810033798218,0.6308155059814453,0.6297582387924194,0.37106549739837646,0.37212276458740234
exp_07_tms_5_2_6layer_tied_rep1,6,tied,1,5000,linear2,singleton,-0.7949943542480469,0.03999999910593033,0.040738753974437714,0.0,0.03999999910593033,0.9599999785423279,1.0018810033798218,0.6308155059814453,0.6297582387924194,0.37106549739837646,0.37212276458740234
exp_07_tms_5_2_6layer_tied_rep1,6,tied,1,5000,hidden_layers.0,singleton,0.08055134117603302,0.03999999910593033,0.04167187586426735,0.0,0.03999999910593033,0.9599999785423279,1.0014504194259644,0.733128011226654,0.7324439883232117,0.2683224081993103,0.2690064311027527
exp_07_tms_5_2_6layer_tied_rep1,6,tied,1,5000,hidden_layers.1,singleton,0.04402274265885353,0.03999999910593033,0.041266027837991714,0.0,0.03999999910593033,0.9599999785423279,1.0001581907272339,0.7355729341506958,0.735491931438446,0.2645852565765381,0.26466625928878784
exp_07_tms_5_2_6layer_tied_rep1,6,tied,1,5000,hidden_layers.2,singleton,0.06930746138095856,0.03999999910593033,0.04136648774147034,0.0,0.03999999910593033,0.9599999785423279,0.9975197315216064,0.7335512638092041,0.7347438931465149,0.26396846771240234,0.26277583837509155
exp_07_tms_5_2_6layer_tied_rep1,6,tied,1,5000,hidden_layers.3,singleton,0.05497442185878754,0.03999999910593033,0.04156241565942764,0.0,0.03999999910593033,0.9599999785423279,1.0014748573303223,0.7327663898468018,0.7320586442947388,0.2687084674835205,0.2694162130355835
exp_07_tms_5_2_6layer_tied_rep1,6,tied,1,10000,linear1,singleton,-0.270570307970047,0.03730838745832443,0.03730838745832443,0.0,0.03999999910593033,0.9599999785423279,1.0093493461608887,0.6350141167640686,0.6303823590278625,0.37433522939682007,0.3789669871330261
exp_07_tms_5_2_6layer_tied_rep1,6,tied,1,10000,linear2,singleton,-1.066757082939148,0.03630455583333969,0.03630455583333969,0.0,0.019999999552965164,0.9599999785423279,1.0093493461608887,0.6309518814086914,0.6263152360916138,0.37839746475219727,0.3830341100692749
exp_07_tms_5_2_6layer_tied_rep1,6,tied,1,10000,hidden_layers.0,singleton,-0.06681182235479355,0.03999999910593033,0.0402042493224144,0.0,0.03999999910593033,0.9599999785423279,1.0029619932174683,0.7394503355026245,0.738038182258606,0.26351165771484375,0.2649238109588623
exp_07_tms_5_2_6layer_tied_rep1,6,tied,1,10000,hidden_layers.1,singleton,-0.030621914193034172,0.037931930273771286,0.03825898468494415,0.0,0.029999999329447746,0.9599999785423279,1.003074288368225,0.735711932182312,0.7342473864555359,0.2673623561859131,0.2688269019126892
exp_07_tms_5_2_6layer_tied_rep1,6,tied,1,10000,hidden_layers.2,singleton,-0.03774544224143028,0.03999999910593033,0.04024485498666763,0.0,0.03999999910593033,0.9599999785423279,1.0061811208724976,0.7455361485481262,0.7425756454467773,0.26064497232437134,0.2636054754257202
exp_07_tms_5_2_6layer_tied_rep1,6,tied,1,10000,hidden_layers.3,singleton,-0.0257185697555542,0.03929976373910904,0.040042467415332794,0.0,0.03999999910593033,0.9599999785423279,1.0007048845291138,0.7357645034790039,0.7354263663291931,0.26494038105010986,0.26527851819992065
exp_07_tms_5_2_6layer_tied_rep1,6,tied,1,15000,linear1,singleton,-0.3435942530632019,0.036120034754276276,0.036120034754276276,0.0,0.029999999329447746,0.9599999785423279,1.0161726474761963,0.6350961923599243,0.6271550059318542,0.381076455116272,0.38901764154434204
exp_07_tms_5_2_6layer_tied_rep1,6,tied,1,15000,linear2,singleton,-1.1279374361038208,0.03575923293828964,0.03575923293828964,0.0,0.019999999552965164,0.9599999785423279,1.0161726474761963,0.6335518956184387,0.6256119012832642,0.38262075185775757,0.39056074619293213
exp_07_tms_5_2_6layer_tied_rep1,6,tied,1,15000,hidden_layers.0,singleton,-0.06230216100811958,0.03764578327536583,0.03768381476402283,0.0,0.029999999329447746,0.9599999785423279,1.0003060102462769,0.7321880459785461,0.7320495843887329,0.2681179642677307,0.26825642585754395
exp_07_tms_5_2_6layer_tied_rep1,6,tied,1,15000,hidden_layers.1,singleton,-0.02591611072421074,0.03785507380962372,0.03810274973511696,0.0,0.029999999329447746,0.9599999785423279,1.003396987915039,0.7398157119750977,0.7381906509399414,0.2635812759399414,0.26520633697509766
exp_07_tms_5_2_6layer_tied_rep1,6,tied,1,15000,hidden_layers.2,singleton,-0.05047501251101494,0.03982234373688698,0.03992930427193642,0.0,0.03999999910593033,0.9599999785423279,1.0002615451812744,0.7470762133598328,0.746978759765625,0.25318533182144165,0.2532827854156494
exp_07_tms_5_2_6layer_tied_rep1,6,tied,1,15000,hidden_layers.3,singleton,-0.061805594712495804,0.039701152592897415,0.03998275101184845,0.0,0.03999999910593033,0.9599999785423279,1.0050455331802368,0.7488476037979126,0.7464310526847839,0.2561979293823242,0.2586144804954529
exp_07_tms_5_2_6layer_tied_rep1,6,tied,1,20000,linear1,singleton,-0.4661739468574524,0.03566297888755798,0.03566297888755798,0.0,0.029999999329447746,0.9599999785423279,1.008445382118225,0.6300831437110901,0.6258357763290405,0.378362238407135,0.38260960578918457
exp_07_tms_5_2_6layer_tied_rep1,6,tied,1,20000,linear2,singleton,-1.1638046503067017,0.035423312336206436,0.035423312336206436,0.0,0.009999999776482582,0.9599999785423279,1.008445382118225,0.6287648677825928,0.6245201230049133,0.3796805143356323,0.38392525911331177
exp_07_tms_5_2_6layer_tied_rep1,6,tied,1,20000,hidden_layers.0,singleton,-0.05829984322190285,0.035588428378105164,0.035588428378105164,0.0,0.019999999552965164,0.9599999785423279,1.0055348873138428,0.7259778380393982,0.7233371734619141,0.2795570492744446,0.2821977138519287
exp_07_tms_5_2_6layer_tied_rep1,6,tied,1,20000,hidden_layers.1,singleton,-0.020098114386200905,0.03869463875889778,0.03897731751203537,0.0,0.03999999910593033,0.9599999785423279,1.0064280033111572,0.7490363121032715,0.7459738850593567,0.25739169120788574,0.26045411825180054
exp_07_tms_5_2_6layer_tied_rep1,6,tied,1,20000,hidden_layers.2,singleton,-0.04833727702498436,0.0389912948012352,0.03902752697467804,0.0,0.03999999910593033,0.9599999785423279,1.006174921989441,0.7530478239059448,0.750076949596405,0.2531270980834961,0.2560979723930359
exp_07_tms_5_2_6layer_tied_rep1,6,tied,1,20000,hidden_layers.3,singleton,-0.060370512306690216,0.03847111761569977,0.03848300129175186,0.0,0.03999999910593033,0.9599999785423279,1.0065832138061523,0.7474397420883179,0.7442876100540161,0.2591434717178345,0.26229560375213623
exp_07_tms_5_2_6layer_tied_rep1,6,tied,1,25000,linear1,singleton,-0.549482524394989,0.03526362031698227,0.03526362031698227,0.0,0.0,0.9599999785423279,1.0108321905136108,0.6298443078994751,0.6244485974311829,0.38098788261413574,0.386383593082428
exp_07_tms_5_2_6layer_tied_rep1,6,tied,1,25000,linear2,singleton,-1.118553876876831,0.0349627248942852,0.0349627248942852,0.0,0.0,0.9599999785423279,1.0108321905136108,0.6284602880477905,0.6230701208114624,0.3823719024658203,0.38776206970214844
exp_07_tms_5_2_6layer_tied_rep1,6,tied,1,25000,hidden_layers.0,singleton,-0.04930894821882248,0.037132278084754944,0.03714856505393982,0.0,0.029999999329447746,0.9599999785423279,1.00677490234375,0.7365915775299072,0.7333611845970154,0.2701833248138428,0.2734137177467346
exp_07_tms_5_2_6layer_tied_rep1,6,tied,1,25000,hidden_layers.1,singleton,-0.011800297535955906,0.03806120529770851,0.03836595639586449,0.0,0.029999999329447746,0.9599999785423279,1.0038429498672485,0.7436422109603882,0.7418100833892822,0.26020073890686035,0.2620328664779663
exp_07_tms_5_2_6layer_tied_rep1,6,tied,1,25000,hidden_layers.2,singleton,-0.03664710745215416,0.03850693628191948,0.038536008447408676,0.0,0.03999999910593033,0.9599999785423279,1.0031934976577759,0.7482969760894775,0.7467275857925415,0.25489652156829834,0.2564659118652344
exp_07_tms_5_2_6layer_tied_rep1,6,tied,1,25000,hidden_layers.3,singleton,-0.04353904351592064,0.037604376673698425,0.037604376673698425,0.0,0.03999999910593033,0.9599999785423279,1.0081615447998047,0.7462818026542664,0.7423722743988037,0.26187974214553833,0.265789270401001
exp_07_tms_5_2_6layer_tied_rep1,6,tied,1,30000,linear1,singleton,-0.5811893939971924,0.03507934883236885,0.03507934883236885,0.0,0.0,0.9599999785423279,1.0116835832595825,0.6296175718307495,0.6238114237785339,0.382066011428833,0.3878721594810486
exp_07_tms_5_2_6layer_tied_rep1,6,tied,1,30000,linear2,singleton,-1.063808798789978,0.03498716652393341,0.03498716652393341,0.0,0.0,0.9599999785423279,1.011683702468872,0.6290781497955322,0.6232832670211792,0.38260555267333984,0.38840043544769287
exp_07_tms_5_2_6layer_tied_rep1,6,tied,1,30000,hidden_layers.0,singleton,-0.042683470994234085,0.03743617609143257,0.03745419904589653,0.0,0.029999999329447746,0.9599999785423279,1.0051002502441406,0.7388402223587036,0.7364180088043213,0.266260027885437,0.26868224143981934
exp_07_tms_5_2_6layer_tied_rep1,6,tied,1,30000,hidden_layers.1,singleton,-0.0046039423905313015,0.03842839598655701,0.038736458867788315,0.0,0.03999999910593033,0.9599999785423279,1.0060663223266602,0.7473188638687134,0.744417667388916,0.2587474584579468,0.26164865493774414
exp_07_tms_5_2_6layer_tied_rep1,6,tied,1,30000,hidden_layers.2,singleton,-0.033757973462343216,0.03841593489050865,0.038440149277448654,0.0,0.03999999910593033,0.9599999785423279,1.0036832094192505,0.7492464780807495,0.7474610805511475,0.254436731338501,0.256222128868103
exp_07_tms_5_2_6layer_tied_rep1,6,tied,1,30000,hidden_layers.3,singleton,-0.03874475881457329,0.03688691928982735,0.03688691928982735,0.0,0.029999999329447746,0.9599999785423279,1.0079971551895142,0.7421898245811462,0.738354504108429,0.2658073306083679,0.2696426510810852
exp_07_tms_5_2_6layer_tied_rep1,6,tied,1,35000,linear1,singleton,-0.5933066010475159,0.03490152955055237,0.03490152955055237,0.0,0.0,0.9599999785423279,1.0097358226776123,0.6278982162475586,0.6230252385139465,0.3818376064300537,0.38671058416366577
exp_07_tms_5_2_6layer_tied_rep1,6,tied,1,35000,linear2,singleton,-1.0495741367340088,0.03496892750263214,0.03496892750263214,0.0,0.0,0.9599999785423279,1.0097358226776123,0.6280297040939331,0.6231675148010254,0.3817061185836792,0.3865683078765869
exp_07_tms_5_2_6layer_tied_rep1,6,tied,1,35000,hidden_layers.0,singleton,-0.03951326012611389,0.03710373863577843,0.037126291543245316,0.0,0.029999999329447746,0.9599999785423279,1.0044097900390625,0.7360897064208984,0.7339761853218079,0.26832008361816406,0.27043360471725464
exp_07_tms_5_2_6layer_tied_rep1,6,tied,1,35000,hidden_layers.1,singleton,-0.0028021635953336954,0.038100454956293106,0.038404084742069244,0.0,0.03999999910593033,0.9599999785423279,1.004768967628479,0.74393230676651,0.7416557669639587,0.260836660861969,0.26311320066452026
exp_07_tms_5_2_6layer_tied_rep1,6,tied,1,35000,hidden_layers.2,singleton,-0.03017372637987137,0.03778848052024841,0.037812139838933945,0.0,0.03999999910593033,0.9599999785423279,1.0051137208938599,0.7456701993942261,0.7432330846786499,0.2594435214996338,0.26188063621520996
exp_07_tms_5_2_6layer_tied_rep1,6,tied,1,35000,hidden_layers.3,singleton,-0.034329675137996674,0.0373244509100914,0.0373244509100914,0.0,0.03999999910593033,0.9599999785423279,1.005990743637085,0.7447699308395386,0.7418996095657349,0.2612208127975464,0.2640911340713501
exp_07_tms_5_2_6layer_tied_rep1,6,tied,1,40000,linear1,singleton,-0.594347357749939,0.03495582938194275,0.03495582938194275,0.0,0.0,0.9599999785423279,1.010643482208252,0.6285507678985596,0.62324059009552,0.3820927143096924,0.38740289211273193
exp_07_tms_5_2_6layer_tied_rep1,6,tied,1,40000,linear2,singleton,-1.0478538274765015,0.035044435411691666,0.035044435411691666,0.0,0.0,0.9599999785423279,1.010643482208252,0.6287681460380554,0.6234697103500366,0.38187533617019653,0.38717377185821533
exp_07_tms_5_2_6layer_tied_rep1,6,tied,1,40000,hidden_layers.0,singleton,-0.03822625055909157,0.03735296428203583,0.03737625852227211,0.0,0.029999999329447746,0.9599999785423279,1.0048928260803223,0.7378267645835876,0.7354820966720581,0.2670660614967346,0.26941072940826416
exp_07_tms_5_2_6layer_tied_rep1,6,tied,1,40000,hidden_layers.1,singleton,-0.0013134368928149343,0.0380450002849102,0.038353659212589264,0.0,0.029999999329447746,0.9599999785423279,1.0038472414016724,0.7430203557014465,0.7411813735961914,0.26082688570022583,0.26266586780548096
exp_07_tms_5_2_6layer_tied_rep1,6,tied,1,40000,hidden_layers.2,singleton,-0.028378743678331375,0.038040198385715485,0.03806683421134949,0.0,0.03999999910593033,0.9599999785423279,1.0047825574874878,0.7472698092460632,0.7449910044670105,0.25751274824142456,0.2597915530204773
exp_07_tms_5_2_6layer_tied_rep1,6,tied,1,40000,hidden_layers.3,singleton,-0.03366066515445709,0.03749002143740654,0.03749002143740654,0.0,0.03999999910593033,0.9599999785423279,1.0066094398498535,0.7463023662567139,0.7431358695030212,0.26030707359313965,0.2634735703468323
exp_07_tms_5_2_6layer_untied_rep1,6,untied,1,5000,linear1,singleton,-0.10074136406183243,0.029999999329447746,0.03075459785759449,0.0,0.029999999329447746,0.9700000286102295,1.000862717628479,0.6168026328086853,0.6162124872207642,0.3840600848197937,0.38465023040771484
exp_07_tms_5_2_6layer_untied_rep1,6,untied,1,5000,linear2,singleton,-0.9872187972068787,0.029999999329447746,0.03044215217232704,0.0,0.029999999329447746,0.9700000286102295,0.9865692853927612,0.6906547546386719,0.6960151791572571,0.29591453075408936,0.29055410623550415
exp_07_tms_5_2_6layer_untied_rep1,6,untied,1,5000,hidden_layers.0,singleton,0.041495900601148605,0.029999999329447746,0.03155062347650528,0.0,0.029999999329447746,0.9700000286102295,0.9984598159790039,0.7953703999519348,0.7954639196395874,0.2030894160270691,0.2029958963394165
exp_07_tms_5_2_6layer_untied_rep1,6,untied,1,5000,hidden_layers.1,singleton,0.0682462528347969,0.029999999329447746,0.03146295249462128,0.0,0.029999999329447746,0.9700000286102295,1.0133240222930908,0.8096480369567871,0.801671028137207,0.2036759853363037,0.2116529941558838
exp_07_tms_5_2_6layer_untied_rep1,6,untied,1,5000,hidden_layers.2,singleton,0.1162557378411293,0.029999999329447746,0.03162688761949539,0.0,0.029999999329447746,0.9700000286102295,0.999684751033783,0.7867171168327332,0.7823430895805359,0.2129676342010498,0.21734166145324707
exp_07_tms_5_2_6layer_untied_rep1,6,untied,1,5000,hidden_layers.3,singleton,0.03235697001218796,0.029999999329447746,0.031208602711558342,0.0,0.029999999329447746,0.9700000286102295,0.9988386631011963,0.7901208400726318,0.7897551655769348,0.20871782302856445,0.20908349752426147
exp_07_tms_5_2_6layer_untied_rep1,6,untied,1,10000,linear1,singleton,-0.31451350450515747,0.028885338455438614,0.028885338455438614,0.0,0.029999999329447746,0.9700000286102295,0.9918085932731628,0.6100104451179504,0.6131417751312256,0.3817981481552124,0.37866681814193726
exp_07_tms_5_2_6layer_untied_rep1,6,untied,1,10000,linear2,singleton,-0.9257486462593079,0.029353739693760872,0.029435066506266594,0.0,0.029999999329447746,0.9700000286102295,0.9942663311958313,0.6909191608428955,0.6925358176231384,0.3033471703529358,0.30173051357269287
exp_07_tms_5_2_6layer_untied_rep1,6,untied,1,10000,hidden_layers.0,singleton,0.010789408348500729,0.029999999329447746,0.03123333491384983,0.0,0.029999999329447746,0.9700000286102295,0.9948326349258423,0.7942724823951721,0.7962397336959839,0.20056015253067017,0.1985929012298584
exp_07_tms_5_2_6layer_untied_rep1,6,untied,1,10000,hidden_layers.1,singleton,0.012882735580205917,0.029999999329447746,0.030871177092194557,0.0,0.029999999329447746,0.9700000286102295,0.9966552257537842,0.7997246384620667,0.799526035785675,0.19693058729171753,0.19712918996810913
exp_07_tms_5_2_6layer_untied_rep1,6,untied,1,10000,hidden_layers.2,singleton,0.1008211225271225,0.029999999329447746,0.03146097809076309,0.0,0.029999999329447746,0.9700000286102295,1.021693229675293,0.8026105165481567,0.7832716703414917,0.21908271312713623,0.23842155933380127
exp_07_tms_5_2_6layer_untied_rep1,6,untied,1,10000,hidden_layers.3,singleton,0.03981899470090866,0.029999999329447746,0.0312135461717844,0.0,0.029999999329447746,0.9700000286102295,1.0017659664154053,0.7939153909683228,0.7922351956367493,0.20785057544708252,0.209530770778656
exp_07_tms_5_2_6layer_untied_rep1,6,untied,1,15000,linear1,singleton,-0.3345792889595032,0.02855781838297844,0.028559958562254906,0.0,0.029999999329447746,0.9700000286102295,0.9878702759742737,0.6118443608283997,0.6156744956970215,0.376025915145874,0.3721957802772522
exp_07_tms_5_2_6layer_untied_rep1,6,untied,1,15000,linear2,singleton,-0.2085614651441574,0.029336782172322273,0.029349785298109055,0.0,0.029999999329447746,0.9700000286102295,0.9950764179229736,0.6950951218605042,0.6962379217147827,0.2999812960624695,0.2988384962081909
exp_07_tms_5_2_6layer_untied_rep1,6,untied,1,15000,hidden_layers.0,singleton,-0.01705821231007576,0.029999999329447746,0.030670318752527237,0.0,0.029999999329447746,0.9700000286102295,0.9941540956497192,0.7933539152145386,0.7953872680664062,0.20080018043518066,0.198766827583313
exp_07_tms_5_2_6layer_untied_rep1,6,untied,1,15000,hidden_layers.1,singleton,0.018222134560346603,0.029999999329447746,0.030793609097599983,0.0,0.029999999329447746,0.9700000286102295,1.0002368688583374,0.8003064393997192,0.7989625930786133,0.19993042945861816,0.20127427577972412
exp_07_tms_5_2_6layer_untied_rep1,6,untied,1,15000,hidden_layers.2,singleton,-0.00389316794462502,0.029999999329447746,0.030413838103413582,0.0,0.029999999329447746,0.9700000286102295,0.9941240549087524,0.7890725135803223,0.7830216884613037,0.20505154132843018,0.21110236644744873
exp_07_tms_5_2_6layer_untied_rep1,6,untied,1,15000,hidden_layers.3,singleton,-0.0068415189161896706,0.029999999329447746,0.030621467158198357,0.0,0.029999999329447746,0.9700000286102295,1.004213809967041,0.7989876866340637,0.7966536283493042,0.2052261233329773,0.20756018161773682
exp_07_tms_5_2_6layer_untied_rep1,6,untied,1,20000,linear1,singleton,-0.3916360139846802,0.028459038585424423,0.028459038585424423,0.0,0.029999999329447746,0.9700000286102295,0.9920695424079895,0.6147273778915405,0.6158990859985352,0.377342164516449,0.37617045640945435
exp_07_tms_5_2_6layer_untied_rep1,6,untied,1,20000,linear2,singleton,-0.12329418212175369,0.029407162219285965,0.02941754274070263,0.0,0.029999999329447746,0.9700000286102295,0.9906283617019653,0.6930078268051147,0.6962599158287048,0.2976205348968506,0.2943684458732605
exp_07_tms_5_2_6layer_untied_rep1,6,untied,1,20000,hidden_layers.0,singleton,-0.04353060573339462,0.029999999329447746,0.03013787791132927,0.0,0.029999999329447746,0.9700000286102295,0.9969452619552612,0.7952269315719604,0.7960084080696106,0.20171833038330078,0.20093685388565063
exp_07_tms_5_2_6layer_untied_rep1,6,untied,1,20000,hidden_layers.1,singleton,0.05217767879366875,0.029999999329447746,0.030768323689699173,0.0,0.029999999329447746,0.9700000286102295,1.0057786703109741,0.8016026616096497,0.7992759943008423,0.20417600870132446,0.20650267601013184
exp_07_tms_5_2_6layer_untied_rep1,6,untied,1,20000,hidden_layers.2,singleton,-0.014964783564209938,0.029999999329447746,0.030099406838417053,0.0,0.029999999329447746,0.9700000286102295,1.0054250955581665,0.7895363569259644,0.7833026647567749,0.21588873863220215,0.2221224308013916
exp_07_tms_5_2_6layer_untied_rep1,6,untied,1,20000,hidden_layers.3,singleton,-0.010616562329232693,0.029999999329447746,0.03032291680574417,0.0,0.029999999329447746,0.9700000286102295,1.0029579401016235,0.8007305264472961,0.7989109754562378,0.2022274136543274,0.20404696464538574
exp_07_tms_5_2_6layer_untied_rep1,6,untied,1,25000,linear1,singleton,-0.44878560304641724,0.028513126075267792,0.028513126075267792,0.0,0.029999999329447746,0.9700000286102295,0.9928308725357056,0.615967869758606,0.6164432764053345,0.3768630027770996,0.3763875961303711
exp_07_tms_5_2_6layer_untied_rep1,6,untied,1,25000,linear2,singleton,-0.11707677692174911,0.028767574578523636,0.028778336942195892,0.0,0.029999999329447746,0.9700000286102295,0.9918962121009827,0.6884955167770386,0.6911033391952515,0.3034006953239441,0.3007928729057312
exp_07_tms_5_2_6layer_untied_rep1,6,untied,1,25000,hidden_layers.0,singleton,-0.01569313555955887,0.029999999329447746,0.030177250504493713,0.0,0.029999999329447746,0.9700000286102295,0.992921769618988,0.7927311658859253,0.7953638434410095,0.20019060373306274,0.19755792617797852
exp_07_tms_5_2_6layer_untied_rep1,6,untied,1,25000,hidden_layers.1,singleton,0.06341763585805893,0.029999999329447746,0.030713550746440887,0.0,0.029999999329447746,0.9700000286102295,1.0061975717544556,0.8014227747917175,0.7986257076263428,0.20477479696273804,0.2075718641281128
exp_07_tms_5_2_6layer_untied_rep1,6,untied,1,25000,hidden_layers.2,singleton,-0.006585991475731134,0.029999999329447746,0.030044332146644592,0.0,0.029999999329447746,0.9700000286102295,0.9925422072410583,0.7837927937507629,0.7826913595199585,0.2087494134902954,0.20985084772109985
exp_07_tms_5_2_6layer_untied_rep1,6,untied,1,25000,hidden_layers.3,singleton,-0.009191461838781834,0.029999999329447746,0.030129550024867058,0.0,0.029999999329447746,0.9700000286102295,1.0007202625274658,0.8004510998725891,0.7997662425041199,0.2002691626548767,0.20095402002334595
exp_07_tms_5_2_6layer_untied_rep1,6,untied,1,30000,linear1,singleton,-0.47164294123649597,0.028426477685570717,0.028426477685570717,0.0,0.029999999329447746,0.9700000286102295,0.9943311214447021,0.6159550547599792,0.6155223846435547,0.3783760666847229,0.37880873680114746
exp_07_tms_5_2_6layer_untied_rep1,6,untied,1,30000,linear2,singleton,-0.10478223860263824,0.029808873310685158,0.02981509640812874,0.0,0.029999999329447746,0.9700000286102295,0.9937798380851746,0.699199378490448,0.700776219367981,0.29458045959472656,0.2930036187171936
exp_07_tms_5_2_6layer_untied_rep1,6,untied,1,30000,hidden_layers.0,singleton,-0.00664566271007061,0.029999999329447746,0.030151676386594772,0.0,0.029999999329447746,0.9700000286102295,0.9933691620826721,0.7939127683639526,0.7962473034858704,0.19945639371871948,0.19712185859680176
exp_07_tms_5_2_6layer_untied_rep1,6,untied,1,30000,hidden_layers.1,singleton,0.06316719204187393,0.029999999329447746,0.0306274201720953,0.0,0.029999999329447746,0.9700000286102295,1.0042749643325806,0.7995413541793823,0.7973465323448181,0.20473361015319824,0.20692843198776245
exp_07_tms_5_2_6layer_untied_rep1,6,untied,1,30000,hidden_layers.2,singleton,-0.004279652610421181,0.029999999329447746,0.030032377690076828,0.0,0.029999999329447746,0.9700000286102295,0.994773268699646,0.7851266264915466,0.7837527990341187,0.20964664220809937,0.21102046966552734
exp_07_tms_5_2_6layer_untied_rep1,6,untied,1,30000,hidden_layers.3,singleton,-0.005423365626484156,0.029999999329447746,0.030095476657152176,0.0,0.029999999329447746,0.9700000286102295,1.0030008554458618,0.8018007278442383,0.7999755144119263,0.20120012760162354,0.20302534103393555
exp_07_tms_5_2_6layer_untied_rep1,6,untied,1,35000,linear1,singleton,-0.48450931906700134,0.02844849042594433,0.02844849042594433,0.0,0.029999999329447746,0.9700000286102295,0.9929764270782471,0.6159247159957886,0.6161832809448242,0.3770517110824585,0.37679314613342285
exp_07_tms_5_2_6layer_untied_rep1,6,untied,1,35000,linear2,singleton,-0.1032356470823288,0.029876617714762688,0.029882274568080902,0.0,0.029999999329447746,0.9700000286102295,0.9929174184799194,0.699641227722168,0.7016603946685791,0.29327619075775146,0.29125702381134033
exp_07_tms_5_2_6layer_untied_rep1,6,untied,1,35000,hidden_layers.0,singleton,-0.003140684450045228,0.029999999329447746,0.03013525903224945,0.0,0.029999999329447746,0.9700000286102295,0.9933899641036987,0.793634295463562,0.796026349067688,0.19975566864013672,0.19736361503601074
exp_07_tms_5_2_6layer_untied_rep1,6,untied,1,35000,hidden_layers.1,singleton,0.06252972036600113,0.029999999329447746,0.030587539076805115,0.0,0.029999999329447746,0.9700000286102295,1.0048059225082397,0.7987223863601685,0.796632707118988,0.2060835361480713,0.2081732153892517
exp_07_tms_5_2_6layer_untied_rep1,6,untied,1,35000,hidden_layers.2,singleton,-0.0019781826995313168,0.029392002150416374,0.02941945008933544,0.0,0.029999999329447746,0.9700000286102295,0.9963993430137634,0.7800300717353821,0.7788538932800293,0.21636927127838135,0.21754544973373413
exp_07_tms_5_2_6layer_untied_rep1,6,untied,1,35000,hidden_layers.3,singleton,-0.0037501691840589046,0.029999999329447746,0.030076894909143448,0.0,0.029999999329447746,0.9700000286102295,1.0036476850509644,0.803174614906311,0.801406741142273,0.20047307014465332,0.2022409439086914
exp_07_tms_5_2_6layer_untied_rep1,6,untied,1,40000,linear1,singleton,-0.48577332496643066,0.02845328487455845,0.02845328487455845,0.0,0.029999999329447746,0.9700000286102295,0.9943225979804993,0.6168659925460815,0.616468071937561,0.3774566054344177,0.37785452604293823
exp_07_tms_5_2_6layer_untied_rep1,6,untied,1,40000,linear2,singleton,-0.10164687782526016,0.029441507533192635,0.029445208609104156,0.0,0.029999999329447746,0.9700000286102295,0.9922856092453003,0.6960218548774719,0.698398768901825,0.29626375436782837,0.29388684034347534
exp_07_tms_5_2_6layer_untied_rep1,6,untied,1,40000,hidden_layers.0,singleton,-0.002707095118239522,0.029999999329447746,0.030137812718749046,0.0,0.029999999329447746,0.9700000286102295,0.993301510810852,0.794387698173523,0.7968353033065796,0.1989138126373291,0.19646620750427246
exp_07_tms_5_2_6layer_untied_rep1,6,untied,1,40000,hidden_layers.1,singleton,0.06228422746062279,0.029999999329447746,0.030581722036004066,0.0,0.029999999329447746,0.9700000286102295,1.0048861503601074,0.7987849712371826,0.7966697812080383,0.2061011791229248,0.2082163691520691
exp_07_tms_5_2_6layer_untied_rep1,6,untied,1,40000,hidden_layers.2,singleton,-0.001167752780020237,0.029354630038142204,0.02938193269073963,0.0,0.029999999329447746,0.9700000286102295,0.9972301721572876,0.7803816795349121,0.7790950536727905,0.2168484926223755,0.21813511848449707
exp_07_tms_5_2_6layer_untied_rep1,6,untied,1,40000,hidden_layers.3,singleton,-0.002407676074653864,0.030020885169506073,0.03010120801627636,0.0,0.029999999329447746,0.9700000286102295,1.0024945735931396,0.8017085790634155,0.8003762364387512,0.20078599452972412,0.20211833715438843
