run_name,depth,architecture,replicate,checkpoint_step,probe_type,raw_output_norm_ratio_mean,ci_masked_output_norm_ratio_mean,raw_output_contraction_gap,ci_output_contraction_gap,raw_output_mse,ci_masked_output_mse,raw_jacobian_fro_ratio_mean,ci_jacobian_fro_ratio_mean,raw_jacobian_contraction_gap,ci_jacobian_contraction_gap
exp_07_tms_5_2_2layer_tied_rep1,2,tied,1,5000,exhaustive,0.9439788460731506,1.1036983728408813,0.056021153926849365,-0.10369837284088135,3.019537871296052e-05,0.015195569023489952,1.0051305889823394,2.9793060377041742,-0.0051305889823394235,-1.9793060377041742
exp_07_tms_5_2_2layer_tied_rep1,2,tied,1,10000,exhaustive,0.9398733377456665,1.021004557609558,0.060126662254333496,-0.021004557609558105,1.6771917216829024e-05,0.0074320510029792786,1.001834602560174,3.3160927269942215,-0.0018346025601740923,-2.3160927269942215
exp_07_tms_5_2_2layer_tied_rep1,2,tied,1,15000,exhaustive,0.9410937428474426,0.931970477104187,0.05890625715255737,0.06802952289581299,6.363384454743937e-05,0.005925869569182396,1.002869566097122,3.2997575929230933,-0.0028695660971220782,-2.2997575929230933
exp_07_tms_5_2_2layer_tied_rep1,2,tied,1,20000,exhaustive,0.940999448299408,0.9088771939277649,0.05900055170059204,0.09112280607223511,2.157332346541807e-05,0.006069789174944162,1.002781558566959,3.486119737033472,-0.0027815585669590526,-2.486119737033472
exp_07_tms_5_2_2layer_tied_rep1,2,tied,1,25000,exhaustive,0.9443686604499817,0.8719364404678345,0.05563133955001831,0.12806355953216553,3.251181624364108e-05,0.003936373628675938,1.0054402537632028,3.6305953310285988,-0.005440253763202785,-2.6305953310285988
exp_07_tms_5_2_2layer_tied_rep1,2,tied,1,30000,exhaustive,0.943442165851593,0.8875893950462341,0.05655783414840698,0.11241060495376587,1.614271241123788e-05,0.0034989260602742434,1.0047402066355207,3.7326848774927575,-0.004740206635520661,-2.7326848774927575
exp_07_tms_5_2_2layer_tied_rep1,2,tied,1,35000,exhaustive,0.9442316889762878,0.8780282139778137,0.05576831102371216,0.12197178602218628,2.0497422156040557e-05,0.003037302289158106,1.0053452093493418,3.73133984328816,-0.005345209349341795,-2.73133984328816
exp_07_tms_5_2_2layer_tied_rep1,2,tied,1,40000,exhaustive,0.9456624984741211,0.8751596808433533,0.054337501525878906,0.12484031915664673,2.199761183874216e-05,0.003542363177984953,1.0064782705596151,3.738015120920385,-0.00647827055961514,-2.738015120920385
exp_07_tms_5_2_2layer_untied_rep1,2,untied,1,5000,exhaustive,1.0138323307037354,0.8616496324539185,-0.013832330703735352,0.13835036754608154,0.0007121713133528829,0.018350746482610703,0.995680087274169,0.2730876613637821,0.004319912725830988,0.726912338636218
exp_07_tms_5_2_2layer_untied_rep1,2,untied,1,10000,exhaustive,1.0021703243255615,0.8627477884292603,-0.0021703243255615234,0.13725221157073975,0.0006125833024270833,0.018638212233781815,1.0044393734537216,0.2720978776408297,-0.0044393734537215845,0.7279021223591703
exp_07_tms_5_2_2layer_untied_rep1,2,untied,1,15000,exhaustive,0.9993532299995422,0.8657602071762085,0.0006467700004577637,0.1342397928237915,0.00030609211535193026,0.01947537623345852,0.944540215936917,0.2822262061051318,0.05545978406308305,0.7177737938948682
exp_07_tms_5_2_2layer_untied_rep1,2,untied,1,20000,exhaustive,1.0011117458343506,0.8729562759399414,-0.001111745834350586,0.1270437240600586,0.00018990652461070567,0.0209328792989254,0.9889051863129719,0.30154314218996536,0.011094813687028138,0.6984568578100346
exp_07_tms_5_2_2layer_untied_rep1,2,untied,1,25000,exhaustive,0.9875444173812866,0.868375301361084,0.012455582618713379,0.13162469863891602,0.00021160650067031384,0.019279679283499718,0.9989835992150539,0.3076219929031534,0.0010164007849461365,0.6923780070968466
exp_07_tms_5_2_2layer_untied_rep1,2,untied,1,30000,exhaustive,1.0027095079421997,0.8708695769309998,-0.002709507942199707,0.12913042306900024,0.0003267472784500569,0.020131807774305344,1.0003259997679845,0.30587127768736194,-0.00032599976798453056,0.694128722312638
exp_07_tms_5_2_2layer_untied_rep1,2,untied,1,35000,exhaustive,1.0034432411193848,0.8738492727279663,-0.0034432411193847656,0.1261507272720337,0.0002658044104464352,0.020800981670618057,0.9986622552563487,0.3053322717665417,0.0013377447436513368,0.6946677282334583
exp_07_tms_5_2_2layer_untied_rep1,2,untied,1,40000,exhaustive,1.002414345741272,0.8759831190109253,-0.0024143457412719727,0.12401688098907471,0.0003313714696560055,0.021324127912521362,1.0015030933495666,0.304895205503062,-0.0015030933495665533,0.695104794496938
exp_07_tms_5_2_3layer_tied_rep1,3,tied,1,5000,exhaustive,0.9430980682373047,1.1051795482635498,0.05690193176269531,-0.1051795482635498,8.253890700871125e-05,0.016988899558782578,1.0044262707238407,2.5193518290638885,-0.0044262707238407195,-1.5193518290638885
exp_07_tms_5_2_3layer_tied_rep1,3,tied,1,10000,exhaustive,0.9378660321235657,0.9646068215370178,0.062133967876434326,0.03539317846298218,8.492304186802357e-05,0.009390255436301231,1.0002359884923688,2.7045566789439457,-0.00023598849236883268,-1.7045566789439457
exp_07_tms_5_2_3layer_tied_rep1,3,tied,1,15000,exhaustive,0.9459945559501648,0.8174962997436523,0.054005444049835205,0.18250370025634766,0.00013323115126695484,0.00829225406050682,1.0066316908084416,2.6833273346529887,-0.006631690808441615,-1.6833273346529887
exp_07_tms_5_2_3layer_tied_rep1,3,tied,1,20000,exhaustive,0.950191080570221,0.753720223903656,0.04980891942977905,0.246279776096344,7.47309168218635e-05,0.011610908433794975,1.0100729129172485,2.659689200641716,-0.010072912917248544,-1.6596892006417159
exp_07_tms_5_2_3layer_tied_rep1,3,tied,1,25000,exhaustive,0.9468368291854858,0.7740148901939392,0.05316317081451416,0.2259851098060608,3.587594983400777e-05,0.01209266297519207,1.0074203552528929,2.780325109391545,-0.007420355252892863,-1.780325109391545
exp_07_tms_5_2_3layer_tied_rep1,3,tied,1,30000,exhaustive,0.9488089084625244,0.7916538119316101,0.051191091537475586,0.2083461880683899,6.678245699731633e-05,0.011077645234763622,1.0089683625252328,3.366615809887307,-0.00896836252523281,-2.366615809887307
exp_07_tms_5_2_3layer_tied_rep1,3,tied,1,35000,exhaustive,0.9494172930717468,0.8049948215484619,0.050582706928253174,0.19500517845153809,4.7738023567944765e-05,0.009666555561125278,1.0094742371947834,2.934164807471074,-0.009474237194783353,-1.934164807471074
exp_07_tms_5_2_3layer_tied_rep1,3,tied,1,40000,exhaustive,0.9502397775650024,0.800592839717865,0.04976022243499756,0.199407160282135,5.409341974882409e-05,0.009869378060102463,1.010142155526232,2.9133081196621786,-0.010142155526231988,-1.9133081196621786
exp_07_tms_5_2_3layer_untied_rep1,3,untied,1,5000,exhaustive,112124608.0,0.7169167995452881,-112124607.0,0.2830832004547119,0.00034532856079749763,0.02396507002413273,0.8263924389161449,0.2657233817005215,0.1736075610838551,0.7342766182994784
exp_07_tms_5_2_3layer_untied_rep1,3,untied,1,10000,exhaustive,79394392.0,0.6966851353645325,-79394391.0,0.30331486463546753,0.0010054019512608647,0.02126508578658104,0.8330344414105181,0.3182187987897006,0.16696555858948192,0.6817812012102994
exp_07_tms_5_2_3layer_untied_rep1,3,untied,1,15000,exhaustive,0.8763969540596008,0.7086664438247681,0.12360304594039917,0.29133355617523193,0.0005594578688032925,0.022098887711763382,0.6192633942925678,0.3434555921207722,0.3807366057074322,0.6565444078792277
exp_07_tms_5_2_3layer_untied_rep1,3,untied,1,20000,exhaustive,2.344977855682373,0.707038164138794,-1.344977855682373,0.29296183586120605,0.0008220636518672109,0.022457845509052277,0.9277862442866935,0.3500853725865025,0.07221375571330646,0.6499146274134975
exp_07_tms_5_2_3layer_untied_rep1,3,untied,1,25000,exhaustive,1.8642641305923462,0.6998204588890076,-0.8642641305923462,0.30017954111099243,0.0006442753365263343,0.022361408919095993,0.8303960118803714,0.3374021864261013,0.16960398811962862,0.6625978135738987
exp_07_tms_5_2_3layer_untied_rep1,3,untied,1,30000,exhaustive,262437760.0,0.7089583873748779,-262437759.0,0.29104161262512207,0.0003248357679694891,0.022826021537184715,368395900726.93884,0.33709545576364686,-368395900725.93884,0.6629045442363531
exp_07_tms_5_2_3layer_untied_rep1,3,untied,1,35000,exhaustive,1.0872976779937744,0.7021851539611816,-0.08729767799377441,0.29781484603881836,0.00036731146974489093,0.02226509340107441,0.8247549413336571,0.32945986902982466,0.17524505866634288,0.6705401309701753
exp_07_tms_5_2_3layer_untied_rep1,3,untied,1,40000,exhaustive,1.6725631952285767,0.7015515565872192,-0.6725631952285767,0.29844844341278076,0.0003465245827101171,0.02218453586101532,0.8255023653952239,0.33027295967136217,0.17449763460477608,0.6697270403286378
exp_07_tms_5_2_4layer_tied_rep1,4,tied,1,5000,exhaustive,0.9389240145683289,1.0753371715545654,0.06107598543167114,-0.07533717155456543,0.00019830332894343883,0.0166469719260931,1.001344737869847,1.8267181459961332,-0.0013447378698470125,-0.8267181459961332
exp_07_tms_5_2_4layer_tied_rep1,4,tied,1,10000,exhaustive,0.9473963379859924,1.075148344039917,0.05260366201400757,-0.07514834403991699,0.0001144303023465909,0.016134321689605713,1.0077969655587213,1.9907683168807744,-0.007796965558721336,-0.9907683168807744
exp_07_tms_5_2_4layer_tied_rep1,4,tied,1,15000,exhaustive,0.9392963647842407,0.9779223203659058,0.06070363521575928,0.02207767963409424,0.00011939561227336526,0.009074381552636623,1.0013758491713871,2.415528373134185,-0.0013758491713871113,-1.415528373134185
exp_07_tms_5_2_4layer_tied_rep1,4,tied,1,20000,exhaustive,0.940904438495636,0.7347338795661926,0.059095561504364014,0.2652661204338074,0.00010016027226811275,0.016246382147073746,1.0025901198059892,2.472149628419092,-0.0025901198059892216,-1.4721496284190918
exp_07_tms_5_2_4layer_tied_rep1,4,tied,1,25000,exhaustive,0.9509143829345703,0.7539939880371094,0.04908561706542969,0.24600601196289062,7.521587394876406e-05,0.012619519606232643,1.010656613931865,2.6473354442176693,-0.0106566139318649,-1.6473354442176693
exp_07_tms_5_2_4layer_tied_rep1,4,tied,1,30000,exhaustive,0.9525646567344666,0.7393431663513184,0.04743534326553345,0.26065683364868164,0.0001065306132659316,0.015295582823455334,1.0119397656908151,2.6320198379793913,-0.011939765690815118,-1.6320198379793913
exp_07_tms_5_2_4layer_tied_rep1,4,tied,1,35000,exhaustive,0.9505851864814758,0.7558955550193787,0.04941481351852417,0.24410444498062134,7.14971829438582e-05,0.012002555653452873,1.0103796977219812,2.6645497182153774,-0.010379697721981218,-1.6645497182153774
exp_07_tms_5_2_4layer_tied_rep1,4,tied,1,40000,exhaustive,0.948870062828064,0.7498990297317505,0.051129937171936035,0.2501009702682495,6.400611164281145e-05,0.01282203197479248,1.0090074805148597,2.6753056340525796,-0.009007480514859667,-1.6753056340525796
exp_07_tms_5_2_4layer_untied_rep1,4,untied,1,5000,exhaustive,0.9035297632217407,0.8131042718887329,0.09647023677825928,0.1868957281112671,0.0003959244058933109,0.006378664169460535,0.6921405014454423,0.26405184629480655,0.30785949855455774,0.7359481537051935
exp_07_tms_5_2_4layer_untied_rep1,4,untied,1,10000,exhaustive,1.119264841079712,0.8190566897392273,-0.11926484107971191,0.1809433102607727,0.0002097640826832503,0.006744104437530041,1.5976777680076928,0.2703286673105514,-0.5976777680076928,0.7296713326894486
exp_07_tms_5_2_4layer_untied_rep1,4,untied,1,15000,exhaustive,1.0489288568496704,0.8202311992645264,-0.04892885684967041,0.17976880073547363,0.0006605811649933457,0.008334672078490257,1.3962322269748326,0.27531653668890754,-0.3962322269748326,0.7246834633110925
exp_07_tms_5_2_4layer_untied_rep1,4,untied,1,20000,exhaustive,1.0951658487319946,0.8161478042602539,-0.09516584873199463,0.1838521957397461,0.00018711866869125515,0.007419302128255367,0.8015077631198629,0.2715564360573914,0.19849223688013706,0.7284435639426086
exp_07_tms_5_2_4layer_untied_rep1,4,untied,1,25000,exhaustive,1.2895137071609497,0.8231797218322754,-0.2895137071609497,0.1768202781677246,0.0005864736740477383,0.008145802654325962,0.9875117199790765,0.2547511161833645,0.012488280020923503,0.7452488838166356
exp_07_tms_5_2_4layer_untied_rep1,4,untied,1,30000,exhaustive,0.988103985786438,0.8141301274299622,0.011896014213562012,0.18586987257003784,0.00029774970607832074,0.0076833367347717285,0.9997442328065798,0.25229048206721794,0.0002557671934202421,0.7477095179327821
exp_07_tms_5_2_4layer_untied_rep1,4,untied,1,35000,exhaustive,1.041494369506836,0.8115169405937195,-0.04149436950683594,0.18848305940628052,0.00028021319303661585,0.006925615016371012,0.9971313710430924,0.25200001571166747,0.0028686289569076484,0.7479999842883325
exp_07_tms_5_2_4layer_untied_rep1,4,untied,1,40000,exhaustive,1.0331188440322876,0.8050543069839478,-0.0331188440322876,0.19494569301605225,0.0002574630198068917,0.006959031336009502,0.9964844956001935,0.2504986946932762,0.003515504399806524,0.7495013053067239
exp_07_tms_5_2_5layer_tied_rep1,5,tied,1,5000,exhaustive,0.9349010586738586,0.9178202748298645,0.06509894132614136,0.0821797251701355,0.00013918220065534115,0.01589408703148365,0.9979615741773973,1.061685961247798,0.0020384258226027185,-0.061685961247798016
exp_07_tms_5_2_5layer_tied_rep1,5,tied,1,10000,exhaustive,0.9449307918548584,0.9283566474914551,0.0550692081451416,0.07164335250854492,0.0003354685031808913,0.015958435833454132,1.00578990195458,1.0230214785026746,-0.005789901954579957,-0.023021478502674553
exp_07_tms_5_2_5layer_tied_rep1,5,tied,1,15000,exhaustive,0.9386500120162964,0.8938807845115662,0.06134998798370361,0.10611921548843384,0.0003371534403413534,0.01568242721259594,1.0009175948236646,1.8187309311817945,-0.0009175948236646025,-0.8187309311817945
exp_07_tms_5_2_5layer_tied_rep1,5,tied,1,20000,exhaustive,0.9365696310997009,0.8854361176490784,0.06343036890029907,0.11456388235092163,0.00021970519446767867,0.015615063719451427,0.9991246871424728,1.8432176694033733,0.0008753128575271774,-0.8432176694033733
exp_07_tms_5_2_5layer_tied_rep1,5,tied,1,25000,exhaustive,0.9381901025772095,0.8798069357872009,0.06180989742279053,0.12019306421279907,0.00010486849350854754,0.01585608720779419,1.0004739640426663,1.799453854612377,-0.0004739640426663083,-0.7994538546123771
exp_07_tms_5_2_5layer_tied_rep1,5,tied,1,30000,exhaustive,0.9398611783981323,0.8899872303009033,0.060138821601867676,0.11001276969909668,0.00023350646370090544,0.0154243353754282,1.0017794899604096,1.8462096651953828,-0.0017794899604095527,-0.8462096651953828
exp_07_tms_5_2_5layer_tied_rep1,5,tied,1,35000,exhaustive,0.935433566570282,0.88428795337677,0.06456643342971802,0.11571204662322998,0.00030072248773649335,0.015496468171477318,0.9982440554629399,1.8686752237381483,0.0017559445370600724,-0.8686752237381483
exp_07_tms_5_2_5layer_tied_rep1,5,tied,1,40000,exhaustive,0.9362853169441223,0.8824979066848755,0.06371468305587769,0.11750209331512451,0.00020482888794504106,0.015488086268305779,0.99897375872251,1.8617930677922339,0.0010262412774899587,-0.8617930677922339
exp_07_tms_5_2_5layer_untied_rep1,5,untied,1,5000,exhaustive,5936112.5,9479035.0,-5936111.5,-9479034.0,3.5492354072630405e-05,0.00048010231694206595,171005070210.31796,0.43867131260558595,-171005070209.31796,0.5613286873944141
exp_07_tms_5_2_5layer_untied_rep1,5,untied,1,10000,exhaustive,107139968.0,9479035.0,-107139967.0,-9479034.0,0.0006849346682429314,0.0005513542564585805,250674581528.95395,0.5759493029429785,-250674581527.95395,0.4240506970570215
exp_07_tms_5_2_5layer_untied_rep1,5,untied,1,15000,exhaustive,42609528.0,9479035.0,-42609527.0,-9479034.0,0.0004859156033489853,0.0003128431853838265,177669465542.67828,0.7001482362415657,-177669465541.67828,0.29985176375843425
exp_07_tms_5_2_5layer_untied_rep1,5,untied,1,20000,exhaustive,173596304.0,9479036.0,-173596303.0,-9479035.0,0.0003899086732417345,0.0018374240025877953,176072263718.48672,0.8367054980425774,-176072263717.48672,0.16329450195742257
exp_07_tms_5_2_5layer_untied_rep1,5,untied,1,25000,exhaustive,63036516.0,9479036.0,-63036515.0,-9479035.0,0.0004354286938905716,0.0018027698388323188,530598449708.28796,0.8283823471020462,-530598449707.28796,0.17161765289795383
exp_07_tms_5_2_5layer_untied_rep1,5,untied,1,30000,exhaustive,29305972.0,9479035.0,-29305971.0,-9479034.0,0.00035031314473599195,0.0010529785649850965,176377892495.04208,0.7542432993809978,-176377892494.04208,0.24575670061900223
exp_07_tms_5_2_5layer_untied_rep1,5,untied,1,35000,exhaustive,29690826.0,9479035.0,-29690825.0,-9479034.0,0.00033426593290641904,0.000604639237280935,176367485524.0542,0.7169778507219322,-176367485523.0542,0.2830221492780678
exp_07_tms_5_2_5layer_untied_rep1,5,untied,1,40000,exhaustive,1.0095481872558594,9479035.0,-0.009548187255859375,-9479034.0,0.00033750111469998956,0.0005915213841944933,0.9189904865757779,0.7144200835750604,0.08100951342422213,0.28557991642493963
exp_07_tms_5_2_6layer_tied_rep1,6,tied,1,5000,exhaustive,4291215872.0,26762902.0,-4291215871.0,-26762901.0,0.0018736429046839476,0.0007877481402829289,398319029809.01184,0.49761302241893735,-398319029808.01184,0.5023869775810627
exp_07_tms_5_2_6layer_tied_rep1,6,tied,1,10000,exhaustive,3926071808.0,26762902.0,-3926071807.0,-26762901.0,0.0016892997082322836,0.0016589086735621095,409657382966.08295,1.006453248478508,-409657382965.08295,-0.0064532484785080335
exp_07_tms_5_2_6layer_tied_rep1,6,tied,1,15000,exhaustive,4019585024.0,26762902.0,-4019585023.0,-26762901.0,0.0021121425088495016,0.0022295925300568342,412722253800.3168,1.200940886942914,-412722253799.3168,-0.2009408869429139
exp_07_tms_5_2_6layer_tied_rep1,6,tied,1,20000,exhaustive,4655401984.0,26762902.0,-4655401983.0,-26762901.0,0.0023374073207378387,0.0022172355093061924,413090610505.15485,1.4034316696383473,-413090610504.15485,-0.4034316696383473
exp_07_tms_5_2_6layer_tied_rep1,6,tied,1,25000,exhaustive,4742854144.0,26762902.0,-4742854143.0,-26762901.0,0.002613128162920475,0.00195141916628927,414615106583.60986,1.3124407000585558,-414615106582.60986,-0.31244070005855584
exp_07_tms_5_2_6layer_tied_rep1,6,tied,1,30000,exhaustive,4999559168.0,26762902.0,-4999559167.0,-26762901.0,0.002755082445219159,0.0009589832043275237,414990663529.32654,1.2976255020780294,-414990663528.32654,-0.2976255020780294
exp_07_tms_5_2_6layer_tied_rep1,6,tied,1,35000,exhaustive,4929177088.0,26762902.0,-4929177087.0,-26762901.0,0.0026520167011767626,0.000999351846985519,412534761429.7104,1.2093955289284506,-412534761428.7104,-0.2093955289284506
exp_07_tms_5_2_6layer_tied_rep1,6,tied,1,40000,exhaustive,4898750464.0,26762902.0,-4898750463.0,-26762901.0,0.002619884442538023,0.0009099325980059803,413118124009.1456,1.2368255635726826,-413118124008.1456,-0.23682556357268258
exp_07_tms_5_2_6layer_untied_rep1,6,untied,1,5000,exhaustive,1.009552001953125,0.971326470375061,-0.009552001953125,0.028673529624938965,3.8554535422008485e-05,0.00019619063823483884,1.0085141873618966,0.2934316443873763,-0.008514187361896575,0.7065683556126237
exp_07_tms_5_2_6layer_untied_rep1,6,untied,1,10000,exhaustive,1.0105063915252686,0.9570858478546143,-0.010506391525268555,0.04291415214538574,1.609701030247379e-05,0.0012147912057116628,1.0031430749308332,0.2568648242833492,-0.0031430749308332118,0.7431351757166508
exp_07_tms_5_2_6layer_untied_rep1,6,untied,1,15000,exhaustive,1.0185418128967285,0.9991149306297302,-0.018541812896728516,0.0008850693702697754,2.6287680157111026e-05,0.0016797693679109216,1.00589205629147,0.35125397160340616,-0.005892056291469938,0.6487460283965938
exp_07_tms_5_2_6layer_untied_rep1,6,untied,1,20000,exhaustive,0.9934291243553162,0.9813746809959412,0.006570875644683838,0.018625319004058838,5.1923725550295785e-05,0.002820645458996296,1.005623274504209,0.3922934713598416,-0.005623274504209075,0.6077065286401584
exp_07_tms_5_2_6layer_untied_rep1,6,untied,1,25000,exhaustive,0.9938417673110962,0.9901023507118225,0.006158232688903809,0.00989764928817749,6.68726261210395e-06,0.00017803664377424866,0.9999170363624506,0.3810909927711505,8.296363754944913e-05,0.6189090072288495
exp_07_tms_5_2_6layer_untied_rep1,6,untied,1,30000,exhaustive,0.9957970380783081,0.9654052257537842,0.0042029619216918945,0.03459477424621582,5.7988643675344065e-05,0.0030833580531179905,1.000612030776296,0.38162945473843424,-0.0006120307762960131,0.6183705452615658
exp_07_tms_5_2_6layer_untied_rep1,6,untied,1,35000,exhaustive,0.9942567944526672,0.9607065320014954,0.005743205547332764,0.03929346799850464,3.252601163694635e-05,0.006148859858512878,1.0013967874460215,0.3667834689922706,-0.0013967874460214524,0.6332165310077293
exp_07_tms_5_2_6layer_untied_rep1,6,untied,1,40000,exhaustive,0.9959018230438232,0.9708104133605957,0.004098176956176758,0.029189586639404297,4.019901098217815e-05,0.0017787478864192963,1.0034451785984266,0.37297249127439713,-0.0034451785984266348,0.6270275087256029
