run_id,run_label,runtime_s,runtime_min,runtime_hms,combined_score,mmcs,ml2r,n_mask_samples,stochastic_recon_coeff,stochastic_recon_layerwise_coeff,importance_minimality_coeff,importance_minimality_pnorm,wandb_dir,spd_run_dir
s-2e976c94,nmasks04_sr2.00e+00_srl2.00e+00_imp2.00e-03_p2.00e+00,512.0256215,8.533760358333334,00:08:32,0.8143317401409149,0.9150075912475586,0.7136558890342712,4,2.0,2.0,0.002,2.0,wandb/run-20260323_190235-s-2e976c94,/Users/abdulhakeemadefioye/Desktop/deep-learning/koko_spd/spd_out/spd/s-2e976c94
s-3f6f5e1e,nmasks04_sr2.00e+00_srl2.00e+00_imp3.00e-03_p1.00e+00,474.735238208,7.912253970133333,00:07:54,0.7837577164173126,0.913385808467865,0.6541296243667603,4,2.0,2.0,0.003,1.0,wandb/run-20260323_191113-s-3f6f5e1e,/Users/abdulhakeemadefioye/Desktop/deep-learning/koko_spd/spd_out/spd/s-3f6f5e1e
s-15535d5f,nmasks04_sr1.00e+00_srl2.00e+00_imp3.00e-03_p2.00e+00,460.26047625,7.6710079375,00:07:40,0.8972334861755371,0.8950676918029785,0.8993992805480957,4,1.0,2.0,0.003,2.0,wandb/run-20260323_044847-s-15535d5f,/Users/abdulhakeemadefioye/Desktop/deep-learning/koko_spd/spd_out/spd/s-15535d5f
s-355553a7,nmasks04_sr5.00e-01_srl1.00e+00_imp2.00e-03_p1.00e+00,414.164415292,6.902740254866667,00:06:54,0.8923054337501526,0.8952389359474182,0.889371931552887,4,0.5,1.0,0.002,1.0,wandb/run-20260322_202952-s-355553a7,/Users/abdulhakeemadefioye/Desktop/deep-learning/koko_spd/spd_out/spd/s-355553a7
s-c62a1204,nmasks04_sr5.00e-01_srl1.00e+00_imp3.00e-04_p2.00e+00,406.122333458,6.768705557633334,00:06:46,0.7332701683044434,0.8920984268188477,0.5744419097900391,4,0.5,1.0,0.0003,2.0,wandb/run-20260322_200932-s-c62a1204,/Users/abdulhakeemadefioye/Desktop/deep-learning/koko_spd/spd_out/spd/s-c62a1204
s-285ab35a,nmasks04_sr5.00e-01_srl1.00e+00_imp2.00e-03_p2.00e+00,403.713978333,6.72856630555,00:06:43,0.9034141600131989,0.8947337865829468,0.9120945334434509,4,0.5,1.0,0.002,2.0,wandb/run-20260322_203651-s-285ab35a,/Users/abdulhakeemadefioye/Desktop/deep-learning/koko_spd/spd_out/spd/s-285ab35a
s-a88e196b,nmasks04_sr5.00e-01_srl1.00e+00_imp3.00e-03_p2.00e+00,399.917852042,6.665297534033333,00:06:39,0.9118243753910065,0.894017219543457,0.9296315312385559,4,0.5,1.0,0.003,2.0,wandb/run-20260322_205025-s-a88e196b,/Users/abdulhakeemadefioye/Desktop/deep-learning/koko_spd/spd_out/spd/s-a88e196b
s-cfcc55b2,nmasks04_sr5.00e-01_srl1.00e+00_imp3.00e-03_p1.00e+00,399.039761541,6.65066269235,00:06:39,0.8944011330604553,0.8955658078193665,0.8932364583015442,4,0.5,1.0,0.003,1.0,wandb/run-20260322_204340-s-cfcc55b2,/Users/abdulhakeemadefioye/Desktop/deep-learning/koko_spd/spd_out/spd/s-cfcc55b2
s-7d4025a2,nmasks04_sr5.00e-01_srl1.00e+00_imp1.00e-03_p2.00e+00,398.768222875,6.646137047916667,00:06:38,0.82239630818367,0.8945735692977905,0.7502190470695496,4,0.5,1.0,0.001,2.0,wandb/run-20260322_202307-s-7d4025a2,/Users/abdulhakeemadefioye/Desktop/deep-learning/koko_spd/spd_out/spd/s-7d4025a2
s-039ea040,nmasks04_sr5.00e-01_srl1.00e+00_imp1.00e-03_p1.00e+00,398.183999125,6.636399985416667,00:06:38,0.8511663675308228,0.8993485569953918,0.8029841780662537,4,0.5,1.0,0.001,1.0,wandb/run-20260322_201624-s-039ea040,/Users/abdulhakeemadefioye/Desktop/deep-learning/koko_spd/spd_out/spd/s-039ea040
s-08dbe0da,nmasks04_sr5.00e-01_srl2.00e+00_imp1.00e-03_p1.00e+00,393.11591025,6.551931837500001,00:06:33,0.8104363083839417,0.885410726070404,0.7354618906974792,4,0.5,2.0,0.001,1.0,wandb/run-20260322_212325-s-08dbe0da,/Users/abdulhakeemadefioye/Desktop/deep-learning/koko_spd/spd_out/spd/s-08dbe0da
s-d636df3c,nmasks04_sr5.00e-01_srl2.00e+00_imp3.00e-04_p2.00e+00,391.782585083,6.529709751383334,00:06:31,0.6862409859895706,0.9444988369941711,0.4279831349849701,4,0.5,2.0,0.0003,2.0,wandb/run-20260322_211648-s-d636df3c,/Users/abdulhakeemadefioye/Desktop/deep-learning/koko_spd/spd_out/spd/s-d636df3c
s-45728291,nmasks04_sr5.00e-01_srl2.00e+00_imp1.00e-04_p1.00e+00,389.956402666,6.4992733777666665,00:06:29,0.7475647032260895,0.9496685862541199,0.5454608201980591,4,0.5,2.0,0.0001,1.0,wandb/run-20260322_205710-s-45728291,/Users/abdulhakeemadefioye/Desktop/deep-learning/koko_spd/spd_out/spd/s-45728291
s-a1ad25ba,nmasks04_sr5.00e-01_srl5.00e-01_imp1.00e-04_p2.00e+00,387.09645275,6.451607545833334,00:06:27,0.7064902037382126,0.9496439695358276,0.46333643794059753,4,0.5,0.5,0.0001,2.0,wandb/run-20260322_181355-s-a1ad25ba,/Users/abdulhakeemadefioye/Desktop/deep-learning/koko_spd/spd_out/spd/s-a1ad25ba
s-9a5f78c5,nmasks04_sr5.00e-01_srl2.00e+00_imp3.00e-04_p1.00e+00,386.788266042,6.446471100699999,00:06:26,0.6523823440074921,0.884131133556366,0.42063355445861816,4,0.5,2.0,0.0003,1.0,wandb/run-20260322_211016-s-9a5f78c5,/Users/abdulhakeemadefioye/Desktop/deep-learning/koko_spd/spd_out/spd/s-9a5f78c5
s-e2b182c1,nmasks04_sr5.00e-01_srl5.00e-01_imp1.00e-04_p1.00e+00,384.959243417,6.415987390283333,00:06:24,0.5931021720170975,0.900813102722168,0.285391241312027,4,0.5,0.5,0.0001,1.0,wandb/run-20260322_180725-s-e2b182c1,/Users/abdulhakeemadefioye/Desktop/deep-learning/koko_spd/spd_out/spd/s-e2b182c1
s-888aea81,nmasks04_sr5.00e-01_srl2.00e+00_imp1.00e-04_p2.00e+00,384.769242292,6.412820704866666,00:06:24,0.6694644391536713,0.9115797877311707,0.4273490905761719,4,0.5,2.0,0.0001,2.0,wandb/run-20260322_210346-s-888aea81,/Users/abdulhakeemadefioye/Desktop/deep-learning/koko_spd/spd_out/spd/s-888aea81
s-56e36cb7,nmasks04_sr5.00e-01_srl5.00e-01_imp2.00e-03_p2.00e+00,382.513848083,6.375230801383334,00:06:22,0.8366623818874359,0.8955610394477844,0.7777637243270874,4,0.5,0.5,0.002,2.0,wandb/run-20260322_191608-s-56e36cb7,/Users/abdulhakeemadefioye/Desktop/deep-learning/koko_spd/spd_out/spd/s-56e36cb7
s-00eb4a41,nmasks04_sr5.00e-01_srl5.00e-01_imp3.00e-04_p2.00e+00,381.607951125,6.36013251875,00:06:21,0.825019121170044,0.9032055735588074,0.7468326687812805,4,0.5,0.5,0.0003,2.0,wandb/run-20260322_184317-s-00eb4a41,/Users/abdulhakeemadefioye/Desktop/deep-learning/koko_spd/spd_out/spd/s-00eb4a41
s-16e56b47,nmasks04_sr5.00e-01_srl5.00e-01_imp2.00e-03_p1.00e+00,381.410038,6.356833966666667,00:06:21,0.8933265209197998,0.8960210084915161,0.8906320333480835,4,0.5,0.5,0.002,1.0,wandb/run-20260322_190942-s-16e56b47,/Users/abdulhakeemadefioye/Desktop/deep-learning/koko_spd/spd_out/spd/s-16e56b47
s-7d53a57b,nmasks04_sr1.00e+00_srl2.00e+00_imp3.00e-03_p1.00e+00,379.918449916,6.331974165266667,00:06:19,0.8930017948150635,0.894429624080658,0.891573965549469,4,1.0,2.0,0.003,1.0,wandb/run-20260323_044221-s-7d53a57b,/Users/abdulhakeemadefioye/Desktop/deep-learning/koko_spd/spd_out/spd/s-7d53a57b
s-adeadb06,nmasks04_sr5.00e-01_srl5.00e-01_imp3.00e-03_p1.00e+00,378.90120525,6.3150200875,00:06:18,0.8950150609016418,0.896293580532074,0.8937365412712097,4,0.5,0.5,0.003,1.0,wandb/run-20260322_192236-s-adeadb06,/Users/abdulhakeemadefioye/Desktop/deep-learning/koko_spd/spd_out/spd/s-adeadb06
s-16de24c6,nmasks04_sr5.00e-01_srl5.00e-01_imp3.00e-04_p1.00e+00,376.538610584,6.275643509733333,00:06:16,0.6713421195745468,0.8936131596565247,0.44907107949256897,4,0.5,0.5,0.0003,1.0,wandb/run-20260322_182028-s-16de24c6,/Users/abdulhakeemadefioye/Desktop/deep-learning/koko_spd/spd_out/spd/s-16de24c6
s-8628ebac,nmasks04_sr5.00e-01_srl5.00e-01_imp1.00e-03_p1.00e+00,375.35943975,6.2559906624999995,00:06:15,0.8932960331439972,0.8945826888084412,0.8920093774795532,4,0.5,0.5,0.001,1.0,wandb/run-20260322_185704-s-8628ebac,/Users/abdulhakeemadefioye/Desktop/deep-learning/koko_spd/spd_out/spd/s-8628ebac
s-ca4397ef,nmasks04_sr5.00e-01_srl5.00e-01_imp1.00e-03_p2.00e+00,371.855309959,6.197588499316667,00:06:11,0.8981840908527374,0.8941680192947388,0.9022001624107361,4,0.5,0.5,0.001,2.0,wandb/run-20260322_190324-s-ca4397ef,/Users/abdulhakeemadefioye/Desktop/deep-learning/koko_spd/spd_out/spd/s-ca4397ef
s-e56418fb,nmasks04_sr5.00e-01_srl1.00e+00_imp1.00e-04_p2.00e+00,371.446989667,6.190783161116667,00:06:11,0.6737037748098373,0.8947400450706482,0.4526675045490265,4,0.5,1.0,0.0001,2.0,wandb/run-20260322_194158-s-e56418fb,/Users/abdulhakeemadefioye/Desktop/deep-learning/koko_spd/spd_out/spd/s-e56418fb
s-ae744993,nmasks04_sr5.00e-01_srl1.00e+00_imp1.00e-04_p1.00e+00,371.268779209,6.187812986816667,00:06:11,0.6688739210367203,0.9094086289405823,0.4283392131328583,4,0.5,1.0,0.0001,1.0,wandb/run-20260322_193541-s-ae744993,/Users/abdulhakeemadefioye/Desktop/deep-learning/koko_spd/spd_out/spd/s-ae744993
s-c631549e,nmasks04_sr5.00e-01_srl5.00e-01_imp3.00e-03_p2.00e+00,369.764525375,6.162742089583333,00:06:09,0.9290571808815002,0.8936849236488342,0.9644294381141663,4,0.5,0.5,0.003,2.0,wandb/run-20260322_192900-s-c631549e,/Users/abdulhakeemadefioye/Desktop/deep-learning/koko_spd/spd_out/spd/s-c631549e
s-0e940626,nmasks04_sr2.00e+00_srl2.00e+00_imp3.00e-03_p2.00e+00,364.639774125,6.07732956875,00:06:04,0.8063362240791321,0.9002171754837036,0.7124552726745605,4,2.0,2.0,0.003,2.0,wandb/run-20260323_191913-s-0e940626,/Users/abdulhakeemadefioye/Desktop/deep-learning/koko_spd/spd_out/spd/s-0e940626
s-20a2dc7b,nmasks04_sr5.00e-01_srl1.00e+00_imp3.00e-04_p1.00e+00,352.654226833,5.877570447216667,00:05:52,0.6591506153345108,0.8926718831062317,0.4256293475627899,4,0.5,1.0,0.0003,1.0,wandb/run-20260322_200334-s-20a2dc7b,/Users/abdulhakeemadefioye/Desktop/deep-learning/koko_spd/spd_out/spd/s-20a2dc7b
s-dda47298,nmasks04_sr1.00e+00_srl1.00e+00_imp3.00e-04_p2.00e+00,346.4093485,5.773489141666667,00:05:46,0.6533374190330505,0.8998196721076965,0.40685516595840454,4,1.0,1.0,0.0003,2.0,wandb/run-20260322_231042-s-dda47298,/Users/abdulhakeemadefioye/Desktop/deep-learning/koko_spd/spd_out/spd/s-dda47298
s-3698d3b2,nmasks04_sr5.00e-01_srl2.00e+00_imp2.00e-03_p1.00e+00,339.433429791,5.6572238298499995,00:05:39,0.8931848108768463,0.8941306471824646,0.892238974571228,4,0.5,2.0,0.002,1.0,wandb/run-20260322_213545-s-3698d3b2,/Users/abdulhakeemadefioye/Desktop/deep-learning/koko_spd/spd_out/spd/s-3698d3b2
s-b369e41f,nmasks04_sr1.00e+00_srl1.00e+00_imp1.00e-03_p1.00e+00,338.622906458,5.643715107633333,00:05:38,0.7055608332157135,0.8939700126647949,0.5171516537666321,4,1.0,1.0,0.001,1.0,wandb/run-20260322_231634-s-b369e41f,/Users/abdulhakeemadefioye/Desktop/deep-learning/koko_spd/spd_out/spd/s-b369e41f
s-31b0c9ab,nmasks04_sr2.00e+00_srl1.00e+00_imp1.00e-04_p1.00e+00,338.365053125,5.639417552083333,00:05:38,0.6215367466211319,0.9308927655220032,0.3121807277202606,4,2.0,1.0,0.0001,1.0,wandb/run-20260323_084346-s-31b0c9ab,/Users/abdulhakeemadefioye/Desktop/deep-learning/koko_spd/spd_out/spd/s-31b0c9ab
s-ea34e64b,nmasks04_sr1.00e+00_srl2.00e+00_imp2.00e-03_p1.00e+00,338.143428375,5.63572380625,00:05:38,0.8680969178676605,0.892492949962616,0.8437008857727051,4,1.0,2.0,0.002,1.0,wandb/run-20260323_035753-s-ea34e64b,/Users/abdulhakeemadefioye/Desktop/deep-learning/koko_spd/spd_out/spd/s-ea34e64b
s-e7d7c024,nmasks04_sr2.00e+00_srl5.00e-01_imp3.00e-03_p2.00e+00,336.333091875,5.60555153125,00:05:36,0.8984964489936829,0.8942961096763611,0.9026967883110046,4,2.0,0.5,0.003,2.0,wandb/run-20260323_083804-s-e7d7c024,/Users/abdulhakeemadefioye/Desktop/deep-learning/koko_spd/spd_out/spd/s-e7d7c024
s-512b7d33,nmasks04_sr5.00e-01_srl2.00e+00_imp2.00e-03_p2.00e+00,335.529181791,5.5921530298499995,00:05:35,0.8980589509010315,0.8945103883743286,0.9016075134277344,4,0.5,2.0,0.002,2.0,wandb/run-20260322_214132-s-512b7d33,/Users/abdulhakeemadefioye/Desktop/deep-learning/koko_spd/spd_out/spd/s-512b7d33
s-2b2019f1,nmasks04_sr1.00e+00_srl1.00e+00_imp3.00e-04_p1.00e+00,335.401133375,5.590018889583333,00:05:35,0.5918439626693726,0.9115532040596008,0.2721347212791443,4,1.0,1.0,0.0003,1.0,wandb/run-20260322_230501-s-2b2019f1,/Users/abdulhakeemadefioye/Desktop/deep-learning/koko_spd/spd_out/spd/s-2b2019f1
s-dd25ce03,nmasks04_sr5.00e-01_srl2.00e+00_imp1.00e-03_p2.00e+00,334.63126675,5.577187779166667,00:05:34,0.8124863803386688,0.9094987511634827,0.715474009513855,4,0.5,2.0,0.001,2.0,wandb/run-20260322_213004-s-dd25ce03,/Users/abdulhakeemadefioye/Desktop/deep-learning/koko_spd/spd_out/spd/s-dd25ce03
s-a09b402a,nmasks04_sr1.00e+00_srl1.00e+00_imp1.00e-03_p2.00e+00,334.454280875,5.574238014583333,00:05:34,0.8087893426418304,0.9047144055366516,0.7128642797470093,4,1.0,1.0,0.001,2.0,wandb/run-20260322_232218-s-a09b402a,/Users/abdulhakeemadefioye/Desktop/deep-learning/koko_spd/spd_out/spd/s-a09b402a
s-810e7f3e,nmasks04_sr1.00e+00_srl1.00e+00_imp2.00e-03_p1.00e+00,333.613273667,5.560221227783333,00:05:33,0.892085999250412,0.8942068815231323,0.8899651169776917,4,1.0,1.0,0.002,1.0,wandb/run-20260322_232758-s-810e7f3e,/Users/abdulhakeemadefioye/Desktop/deep-learning/koko_spd/spd_out/spd/s-810e7f3e
s-b9fb9bb7,nmasks04_sr1.00e+00_srl1.00e+00_imp1.00e-04_p2.00e+00,333.174682958,5.552911382633334,00:05:33,0.6001932919025421,0.9237766861915588,0.2766098976135254,4,1.0,1.0,0.0001,2.0,wandb/run-20260322_225922-s-b9fb9bb7,/Users/abdulhakeemadefioye/Desktop/deep-learning/koko_spd/spd_out/spd/s-b9fb9bb7
s-7f3f0d9e,nmasks04_sr5.00e-01_srl2.00e+00_imp3.00e-03_p1.00e+00,332.789063542,5.546484392366667,00:05:32,0.8934944570064545,0.8949712514877319,0.892017662525177,4,0.5,2.0,0.003,1.0,wandb/run-20260322_214713-s-7f3f0d9e,/Users/abdulhakeemadefioye/Desktop/deep-learning/koko_spd/spd_out/spd/s-7f3f0d9e
s-8f3794fb,nmasks04_sr1.00e+00_srl1.00e+00_imp3.00e-03_p1.00e+00,332.669932083,5.54449886805,00:05:32,0.8926055133342743,0.894480288028717,0.8907307386398315,4,1.0,1.0,0.003,1.0,wandb/run-20260322_233914-s-8f3794fb,/Users/abdulhakeemadefioye/Desktop/deep-learning/koko_spd/spd_out/spd/s-8f3794fb
s-6b81c3de,nmasks04_sr1.00e+00_srl1.00e+00_imp2.00e-03_p2.00e+00,332.272400708,5.537873345133334,00:05:32,0.8973953425884247,0.8947052955627441,0.9000853896141052,4,1.0,1.0,0.002,2.0,wandb/run-20260322_233337-s-6b81c3de,/Users/abdulhakeemadefioye/Desktop/deep-learning/koko_spd/spd_out/spd/s-6b81c3de
s-be19d973,nmasks04_sr2.00e+00_srl1.00e+00_imp1.00e-04_p2.00e+00,331.951801375,5.532530022916666,00:05:31,0.6931753307580948,0.900811493396759,0.48553916811943054,4,2.0,1.0,0.0001,2.0,wandb/run-20260323_084930-s-be19d973,/Users/abdulhakeemadefioye/Desktop/deep-learning/koko_spd/spd_out/spd/s-be19d973
s-2594b288,nmasks04_sr1.00e+00_srl5.00e-01_imp1.00e-04_p2.00e+00,331.66010175,5.5276683625,00:05:31,0.6408512145280838,0.9134025573730469,0.3682998716831207,4,1.0,0.5,0.0001,2.0,wandb/run-20260322_220403-s-2594b288,/Users/abdulhakeemadefioye/Desktop/deep-learning/koko_spd/spd_out/spd/s-2594b288
s-46049487,nmasks04_sr1.00e+00_srl5.00e-01_imp3.00e-04_p1.00e+00,331.066112375,5.517768539583333,00:05:31,0.6435318142175674,0.9191883206367493,0.3678753077983856,4,1.0,0.5,0.0003,1.0,wandb/run-20260322_220939-s-46049487,/Users/abdulhakeemadefioye/Desktop/deep-learning/koko_spd/spd_out/spd/s-46049487
s-a40e3e93,nmasks04_sr1.00e+00_srl5.00e-01_imp3.00e-03_p2.00e+00,330.727894166,5.5121315694333335,00:05:30,0.9077398478984833,0.8952850699424744,0.9201946258544922,4,1.0,0.5,0.003,2.0,wandb/run-20260322_224815-s-a40e3e93,/Users/abdulhakeemadefioye/Desktop/deep-learning/koko_spd/spd_out/spd/s-a40e3e93
s-5eb50764,nmasks04_sr1.00e+00_srl1.00e+00_imp3.00e-03_p2.00e+00,330.566849125,5.509447485416667,00:05:30,0.9042750298976898,0.8949642777442932,0.9135857820510864,4,1.0,1.0,0.003,2.0,wandb/run-20260322_234452-s-5eb50764,/Users/abdulhakeemadefioye/Desktop/deep-learning/koko_spd/spd_out/spd/s-5eb50764
s-eb07fb4b,nmasks04_sr1.00e+00_srl5.00e-01_imp1.00e-04_p1.00e+00,330.219036667,5.503650611116667,00:05:30,0.669570803642273,0.8879082798957825,0.4512333273887634,4,1.0,0.5,0.0001,1.0,wandb/run-20260322_215826-s-eb07fb4b,/Users/abdulhakeemadefioye/Desktop/deep-learning/koko_spd/spd_out/spd/s-eb07fb4b
s-cd28afa6,nmasks04_sr2.00e+00_srl5.00e-01_imp3.00e-03_p1.00e+00,330.078495,5.501308249999999,00:05:30,0.8924992978572845,0.8944775462150574,0.8905210494995117,4,2.0,0.5,0.003,1.0,wandb/run-20260323_083228-s-cd28afa6,/Users/abdulhakeemadefioye/Desktop/deep-learning/koko_spd/spd_out/spd/s-cd28afa6
s-010158c1,nmasks04_sr1.00e+00_srl2.00e+00_imp1.00e-04_p1.00e+00,329.948891042,5.499148184033333,00:05:29,0.6529847234487534,0.9505702257156372,0.3553992211818695,4,1.0,2.0,0.0001,1.0,wandb/run-20260322_235028-s-010158c1,/Users/abdulhakeemadefioye/Desktop/deep-learning/koko_spd/spd_out/spd/s-010158c1
s-4b14d0f4,nmasks04_sr2.00e+00_srl1.00e+00_imp3.00e-04_p1.00e+00,329.656028583,5.49426714305,00:05:29,0.5755928009748459,0.9011228680610657,0.2500627338886261,4,2.0,1.0,0.0003,1.0,wandb/run-20260323_085511-s-4b14d0f4,/Users/abdulhakeemadefioye/Desktop/deep-learning/koko_spd/spd_out/spd/s-4b14d0f4
s-176a0110,nmasks04_sr1.00e+00_srl5.00e-01_imp3.00e-04_p2.00e+00,329.585504708,5.4930917451333325,00:05:29,0.6947175860404968,0.8986750245094299,0.4907601475715637,4,1.0,0.5,0.0003,2.0,wandb/run-20260322_221516-s-176a0110,/Users/abdulhakeemadefioye/Desktop/deep-learning/koko_spd/spd_out/spd/s-176a0110
s-a3fd7de3,nmasks04_sr5.00e-01_srl2.00e+00_imp3.00e-03_p2.00e+00,329.537346042,5.492289100700001,00:05:29,0.9018913209438324,0.8949849009513855,0.9087977409362793,4,0.5,2.0,0.003,2.0,wandb/run-20260322_215251-s-a3fd7de3,/Users/abdulhakeemadefioye/Desktop/deep-learning/koko_spd/spd_out/spd/s-a3fd7de3
s-76ccbda3,nmasks04_sr1.00e+00_srl2.00e+00_imp2.00e-03_p2.00e+00,329.35610775,5.489268462499999,00:05:29,0.8072901368141174,0.9033839106559753,0.7111963629722595,4,1.0,2.0,0.002,2.0,wandb/run-20260323_042048-s-76ccbda3,/Users/abdulhakeemadefioye/Desktop/deep-learning/koko_spd/spd_out/spd/s-76ccbda3
s-5691b6e3,nmasks04_sr2.00e+00_srl5.00e-01_imp1.00e-03_p1.00e+00,327.532715,5.458878583333333,00:05:27,0.6045812219381332,0.8998347520828247,0.3093276917934418,4,2.0,0.5,0.001,1.0,wandb/run-20260323_081027-s-5691b6e3,/Users/abdulhakeemadefioye/Desktop/deep-learning/koko_spd/spd_out/spd/s-5691b6e3
s-4de7a21d,nmasks04_sr2.00e+00_srl1.00e+00_imp3.00e-04_p2.00e+00,327.303576916,5.455059615266666,00:05:27,0.6968808621168137,0.9071153998374939,0.4866463243961334,4,2.0,1.0,0.0003,2.0,wandb/run-20260323_090046-s-4de7a21d,/Users/abdulhakeemadefioye/Desktop/deep-learning/koko_spd/spd_out/spd/s-4de7a21d
s-2d7521c5,nmasks04_sr2.00e+00_srl5.00e-01_imp3.00e-04_p2.00e+00,327.275290833,5.45458818055,00:05:27,0.6965648531913757,0.9072352647781372,0.48589444160461426,4,2.0,0.5,0.0003,2.0,wandb/run-20260323_080453-s-2d7521c5,/Users/abdulhakeemadefioye/Desktop/deep-learning/koko_spd/spd_out/spd/s-2d7521c5
s-797dde3c,nmasks04_sr1.00e+00_srl2.00e+00_imp1.00e-04_p2.00e+00,327.259359584,5.454322659733333,00:05:27,0.6891590654850006,0.9118064641952515,0.46651166677474976,4,1.0,2.0,0.0001,2.0,wandb/run-20260322_235604-s-797dde3c,/Users/abdulhakeemadefioye/Desktop/deep-learning/koko_spd/spd_out/spd/s-797dde3c
s-f5c0533b,nmasks04_sr2.00e+00_srl5.00e-01_imp1.00e-03_p2.00e+00,327.161959167,5.452699319450001,00:05:27,0.7316983938217163,0.9166154265403748,0.5467813611030579,4,2.0,0.5,0.001,2.0,wandb/run-20260323_081559-s-f5c0533b,/Users/abdulhakeemadefioye/Desktop/deep-learning/koko_spd/spd_out/spd/s-f5c0533b
s-8ccdec2a,nmasks04_sr2.00e+00_srl5.00e-01_imp3.00e-04_p1.00e+00,326.147919125,5.435798652083333,00:05:26,0.5625518262386322,0.8959770798683167,0.22912657260894775,4,2.0,0.5,0.0003,1.0,wandb/run-20260323_075921-s-8ccdec2a,/Users/abdulhakeemadefioye/Desktop/deep-learning/koko_spd/spd_out/spd/s-8ccdec2a
s-9bf923b0,nmasks04_sr2.00e+00_srl2.00e+00_imp2.00e-03_p1.00e+00,326.062535167,5.434375586116667,00:05:26,0.7071878612041473,0.9062792062759399,0.5080965161323547,4,2.0,2.0,0.002,1.0,wandb/run-20260323_185704-s-9bf923b0,/Users/abdulhakeemadefioye/Desktop/deep-learning/koko_spd/spd_out/spd/s-9bf923b0
s-408cc10c,nmasks04_sr1.00e+00_srl5.00e-01_imp1.00e-03_p1.00e+00,325.395050875,5.423250847916666,00:05:25,0.7082532048225403,0.8999972939491272,0.5165091156959534,4,1.0,0.5,0.001,1.0,wandb/run-20260322_222051-s-408cc10c,/Users/abdulhakeemadefioye/Desktop/deep-learning/koko_spd/spd_out/spd/s-408cc10c
s-26ab7062,nmasks04_sr1.00e+00_srl5.00e-01_imp2.00e-03_p2.00e+00,325.285732625,5.421428877083333,00:05:25,0.8995940089225769,0.8945792317390442,0.9046087861061096,4,1.0,0.5,0.002,2.0,wandb/run-20260322_223716-s-26ab7062,/Users/abdulhakeemadefioye/Desktop/deep-learning/koko_spd/spd_out/spd/s-26ab7062
s-74b6237e,nmasks04_sr1.00e+00_srl1.00e+00_imp1.00e-04_p1.00e+00,325.21398625,5.420233104166667,00:05:25,0.6068843752145767,0.9718900322914124,0.2418787181377411,4,1.0,1.0,0.0001,1.0,wandb/run-20260322_225352-s-74b6237e,/Users/abdulhakeemadefioye/Desktop/deep-learning/koko_spd/spd_out/spd/s-74b6237e
s-8131cb60,nmasks04_sr2.00e+00_srl5.00e-01_imp2.00e-03_p1.00e+00,324.951829375,5.415863822916666,00:05:24,0.6749867796897888,0.8993058800697327,0.45066767930984497,4,2.0,0.5,0.002,1.0,wandb/run-20260323_082132-s-8131cb60,/Users/abdulhakeemadefioye/Desktop/deep-learning/koko_spd/spd_out/spd/s-8131cb60
s-84b8e954,nmasks04_sr1.00e+00_srl5.00e-01_imp3.00e-03_p1.00e+00,322.450593208,5.374176553466667,00:05:22,0.8935481607913971,0.8957031965255737,0.8913931250572205,4,1.0,0.5,0.003,1.0,wandb/run-20260322_224247-s-84b8e954,/Users/abdulhakeemadefioye/Desktop/deep-learning/koko_spd/spd_out/spd/s-84b8e954
s-30700776,nmasks04_sr1.00e+00_srl5.00e-01_imp1.00e-03_p2.00e+00,322.397898042,5.3732983007,00:05:22,0.8576371073722839,0.9122330546379089,0.8030411601066589,4,1.0,0.5,0.001,2.0,wandb/run-20260322_222622-s-30700776,/Users/abdulhakeemadefioye/Desktop/deep-learning/koko_spd/spd_out/spd/s-30700776
s-39ddbb74,nmasks04_sr1.00e+00_srl5.00e-01_imp2.00e-03_p1.00e+00,320.598452792,5.3433075465333335,00:05:20,0.8524623811244965,0.9015253186225891,0.8033994436264038,4,1.0,0.5,0.002,1.0,wandb/run-20260322_223150-s-39ddbb74,/Users/abdulhakeemadefioye/Desktop/deep-learning/koko_spd/spd_out/spd/s-39ddbb74
s-12643fb1,nmasks04_sr2.00e+00_srl2.00e+00_imp3.00e-04_p2.00e+00,320.539574667,5.342326244450001,00:05:20,0.6980584859848022,0.9094870686531067,0.4866299033164978,4,2.0,2.0,0.0003,2.0,wandb/run-20260323_164324-s-12643fb1,/Users/abdulhakeemadefioye/Desktop/deep-learning/koko_spd/spd_out/spd/s-12643fb1
s-635227e2,nmasks04_sr2.00e+00_srl1.00e+00_imp1.00e-03_p1.00e+00,320.116276334,5.335271272233333,00:05:20,0.630565881729126,0.8981708884239197,0.3629608750343323,4,2.0,1.0,0.001,1.0,wandb/run-20260323_090620-s-635227e2,/Users/abdulhakeemadefioye/Desktop/deep-learning/koko_spd/spd_out/spd/s-635227e2
s-9f48d272,nmasks04_sr2.00e+00_srl5.00e-01_imp2.00e-03_p2.00e+00,318.918340541,5.315305675683334,00:05:18,0.8421712815761566,0.8921880722045898,0.7921544909477234,4,2.0,0.5,0.002,2.0,wandb/run-20260323_082703-s-9f48d272,/Users/abdulhakeemadefioye/Desktop/deep-learning/koko_spd/spd_out/spd/s-9f48d272
s-f0b3c9ee,nmasks04_sr2.00e+00_srl1.00e+00_imp1.00e-03_p2.00e+00,316.556321292,5.2759386882,00:05:16,0.7728452086448669,0.9174397587776184,0.6282506585121155,4,2.0,1.0,0.001,2.0,wandb/run-20260323_091145-s-f0b3c9ee,/Users/abdulhakeemadefioye/Desktop/deep-learning/koko_spd/spd_out/spd/s-f0b3c9ee
s-4a21dc90,nmasks04_sr2.00e+00_srl2.00e+00_imp3.00e-04_p1.00e+00,315.885511167,5.26475851945,00:05:15,0.673848956823349,0.9070072174072266,0.44069069623947144,4,2.0,2.0,0.0003,1.0,wandb/run-20260323_163803-s-4a21dc90,/Users/abdulhakeemadefioye/Desktop/deep-learning/koko_spd/spd_out/spd/s-4a21dc90
s-fb643b18,nmasks04_sr2.00e+00_srl5.00e-01_imp1.00e-04_p2.00e+00,314.469439791,5.24115732985,00:05:14,0.6900918185710907,0.902877688407898,0.47730594873428345,4,2.0,0.5,0.0001,2.0,wandb/run-20260323_065732-s-fb643b18,/Users/abdulhakeemadefioye/Desktop/deep-learning/koko_spd/spd_out/spd/s-fb643b18
s-a614ddd1,nmasks04_sr2.00e+00_srl5.00e-01_imp1.00e-04_p1.00e+00,314.466476958,5.2411079493,00:05:14,0.6791111081838608,0.952194094657898,0.4060281217098236,4,2.0,0.5,0.0001,1.0,wandb/run-20260323_052815-s-a614ddd1,/Users/abdulhakeemadefioye/Desktop/deep-learning/koko_spd/spd_out/spd/s-a614ddd1
s-1b5f1199,nmasks04_sr2.00e+00_srl1.00e+00_imp2.00e-03_p1.00e+00,314.431101542,5.2405183590333335,00:05:14,0.7814459204673767,0.9017783999443054,0.661113440990448,4,2.0,1.0,0.002,1.0,wandb/run-20260323_101615-s-1b5f1199,/Users/abdulhakeemadefioye/Desktop/deep-learning/koko_spd/spd_out/spd/s-1b5f1199
s-759f793c,nmasks04_sr2.00e+00_srl2.00e+00_imp1.00e-04_p1.00e+00,314.186543834,5.236442397233334,00:05:14,0.6466651260852814,0.9402704834938049,0.3530597686767578,4,2.0,2.0,0.0001,1.0,wandb/run-20260323_162052-s-759f793c,/Users/abdulhakeemadefioye/Desktop/deep-learning/koko_spd/spd_out/spd/s-759f793c
s-9ef410d0,nmasks04_sr2.00e+00_srl2.00e+00_imp1.00e-03_p1.00e+00,313.969607208,5.2328267868000005,00:05:13,0.7205199897289276,0.906527042388916,0.5345129370689392,4,2.0,2.0,0.001,1.0,wandb/run-20260323_164851-s-9ef410d0,/Users/abdulhakeemadefioye/Desktop/deep-learning/koko_spd/spd_out/spd/s-9ef410d0
s-1c922589,nmasks04_sr2.00e+00_srl2.00e+00_imp1.00e-04_p2.00e+00,313.493827,5.224897116666667,00:05:13,0.5694920271635056,0.9082306623458862,0.23075339198112488,4,2.0,2.0,0.0001,2.0,wandb/run-20260323_163244-s-1c922589,/Users/abdulhakeemadefioye/Desktop/deep-learning/koko_spd/spd_out/spd/s-1c922589
s-b504ce23,nmasks04_sr1.00e+00_srl2.00e+00_imp3.00e-04_p1.00e+00,313.452577292,5.224209621533333,00:05:13,0.731681615114212,0.8868807554244995,0.5764824748039246,4,1.0,2.0,0.0003,1.0,wandb/run-20260323_000137-s-b504ce23,/Users/abdulhakeemadefioye/Desktop/deep-learning/koko_spd/spd_out/spd/s-b504ce23
s-903289ce,nmasks04_sr2.00e+00_srl1.00e+00_imp3.00e-03_p2.00e+00,311.198499625,5.186641660416667,00:05:11,0.8964575529098511,0.8948717713356018,0.8980433344841003,4,2.0,1.0,0.003,2.0,wandb/run-20260323_150311-s-903289ce,/Users/abdulhakeemadefioye/Desktop/deep-learning/koko_spd/spd_out/spd/s-903289ce
s-7c3455b8,nmasks04_sr1.00e+00_srl2.00e+00_imp3.00e-04_p2.00e+00,309.261199625,5.154353327083333,00:05:09,0.6996454745531082,0.9130149483680725,0.4862760007381439,4,1.0,2.0,0.0003,2.0,wandb/run-20260323_000657-s-7c3455b8,/Users/abdulhakeemadefioye/Desktop/deep-learning/koko_spd/spd_out/spd/s-7c3455b8
s-41e8ac5c,nmasks04_sr2.00e+00_srl2.00e+00_imp1.00e-03_p2.00e+00,307.897286084,5.131621434733333,00:05:07,0.7267389297485352,0.9060746431350708,0.5474032163619995,4,2.0,2.0,0.001,2.0,wandb/run-20260323_181003-s-41e8ac5c,/Users/abdulhakeemadefioye/Desktop/deep-learning/koko_spd/spd_out/spd/s-41e8ac5c
s-8b37356e,nmasks04_sr2.00e+00_srl1.00e+00_imp2.00e-03_p2.00e+00,307.64438475,5.127406412499999,00:05:07,0.7778860032558441,0.8976417779922485,0.6581302285194397,4,2.0,1.0,0.002,2.0,wandb/run-20260323_114947-s-8b37356e,/Users/abdulhakeemadefioye/Desktop/deep-learning/koko_spd/spd_out/spd/s-8b37356e
s-6f279f79,nmasks04_sr2.00e+00_srl1.00e+00_imp3.00e-03_p1.00e+00,306.0933155,5.101555258333334,00:05:06,0.8546367883682251,0.9062401652336121,0.8030334115028381,4,2.0,1.0,0.003,1.0,wandb/run-20260323_133515-s-6f279f79,/Users/abdulhakeemadefioye/Desktop/deep-learning/koko_spd/spd_out/spd/s-6f279f79
s-a4557891,nmasks04_sr1.00e+00_srl2.00e+00_imp1.00e-03_p1.00e+00,306.075490375,5.101258172916667,00:05:06,0.6786451041698456,0.8942551016807556,0.46303510665893555,4,1.0,2.0,0.001,1.0,wandb/run-20260323_013333-s-a4557891,/Users/abdulhakeemadefioye/Desktop/deep-learning/koko_spd/spd_out/spd/s-a4557891
s-582da780,nmasks04_sr1.00e+00_srl2.00e+00_imp1.00e-03_p2.00e+00,306.054582792,5.1009097132,00:05:06,0.7985146641731262,0.9046965837478638,0.6923327445983887,4,1.0,2.0,0.001,2.0,wandb/run-20260323_031009-s-582da780,/Users/abdulhakeemadefioye/Desktop/deep-learning/koko_spd/spd_out/spd/s-582da780
s-df61a9e3,nmasks01_sr2.00e+00_srl2.00e+00_imp1.00e-04_p1.00e+00,230.124505792,3.835408429866667,00:03:50,0.6277777403593063,0.9319086074829102,0.3236468732357025,1,2.0,2.0,0.0001,1.0,wandb/run-20260322_161145-s-df61a9e3,/Users/abdulhakeemadefioye/Desktop/deep-learning/koko_spd/spd_out/spd/s-df61a9e3
s-2a2544e1,nmasks01_sr2.00e+00_srl2.00e+00_imp3.00e-03_p1.00e+00,229.222971458,3.820382857633333,00:03:49,0.8200706243515015,0.8957034349441528,0.7444378137588501,1,2.0,2.0,0.003,1.0,wandb/run-20260322_175941-s-2a2544e1,/Users/abdulhakeemadefioye/Desktop/deep-learning/koko_spd/spd_out/spd/s-2a2544e1
s-e4e963c7,nmasks01_sr2.00e+00_srl2.00e+00_imp3.00e-04_p1.00e+00,228.015229,3.800253816666667,00:03:48,0.6372851431369781,0.9121332168579102,0.36243706941604614,1,2.0,2.0,0.0003,1.0,wandb/run-20260322_161932-s-e4e963c7,/Users/abdulhakeemadefioye/Desktop/deep-learning/koko_spd/spd_out/spd/s-e4e963c7
s-d2dba8f1,nmasks01_sr2.00e+00_srl2.00e+00_imp1.00e-04_p2.00e+00,226.112887708,3.7685481284666666,00:03:46,0.5956062376499176,0.9022878408432007,0.2889246344566345,1,2.0,2.0,0.0001,2.0,wandb/run-20260322_161540-s-d2dba8f1,/Users/abdulhakeemadefioye/Desktop/deep-learning/koko_spd/spd_out/spd/s-d2dba8f1
s-ee1645d3,nmasks01_sr2.00e+00_srl2.00e+00_imp3.00e-04_p2.00e+00,225.538053542,3.758967559033333,00:03:45,0.6188797354698181,0.9061537981033325,0.3316056728363037,1,2.0,2.0,0.0003,2.0,wandb/run-20260322_162327-s-ee1645d3,/Users/abdulhakeemadefioye/Desktop/deep-learning/koko_spd/spd_out/spd/s-ee1645d3
s-9da5dc9c,nmasks01_sr2.00e+00_srl2.00e+00_imp3.00e-03_p2.00e+00,224.662841334,3.7443806889,00:03:44,0.8508239388465881,0.9015570878982544,0.8000907897949219,1,2.0,2.0,0.003,2.0,wandb/run-20260322_180335-s-9da5dc9c,/Users/abdulhakeemadefioye/Desktop/deep-learning/koko_spd/spd_out/spd/s-9da5dc9c
s-17c56b32,nmasks01_sr2.00e+00_srl2.00e+00_imp2.00e-03_p2.00e+00,222.492518084,3.7082086347333334,00:03:42,0.8089213967323303,0.9050946831703186,0.712748110294342,1,2.0,2.0,0.002,2.0,wandb/run-20260322_175553-s-17c56b32,/Users/abdulhakeemadefioye/Desktop/deep-learning/koko_spd/spd_out/spd/s-17c56b32
s-a8a9473f,nmasks01_sr2.00e+00_srl2.00e+00_imp1.00e-03_p1.00e+00,216.30181775,3.605030295833333,00:03:36,0.5657499879598618,0.911788821220398,0.21971115469932556,1,2.0,2.0,0.001,1.0,wandb/run-20260322_162721-s-a8a9473f,/Users/abdulhakeemadefioye/Desktop/deep-learning/koko_spd/spd_out/spd/s-a8a9473f
s-218ec3c3,nmasks01_sr2.00e+00_srl1.00e+00_imp3.00e-03_p2.00e+00,208.98077575,3.4830129291666667,00:03:28,0.8930010497570038,0.8948860764503479,0.8911160230636597,1,2.0,1.0,0.003,2.0,wandb/run-20260322_160810-s-218ec3c3,/Users/abdulhakeemadefioye/Desktop/deep-learning/koko_spd/spd_out/spd/s-218ec3c3
s-d31d8e52,nmasks01_sr2.00e+00_srl2.00e+00_imp1.00e-03_p2.00e+00,204.458651917,3.4076441986166666,00:03:24,0.7522410154342651,0.9191246628761292,0.5853573679924011,1,2.0,2.0,0.001,2.0,wandb/run-20260322_164728-s-d31d8e52,/Users/abdulhakeemadefioye/Desktop/deep-learning/koko_spd/spd_out/spd/s-d31d8e52
s-fb1b96da,nmasks01_sr2.00e+00_srl1.00e+00_imp3.00e-03_p1.00e+00,201.866714041,3.3644452340166664,00:03:21,0.8930488228797913,0.8941742777824402,0.8919233679771423,1,2.0,1.0,0.003,1.0,wandb/run-20260322_160443-s-fb1b96da,/Users/abdulhakeemadefioye/Desktop/deep-learning/koko_spd/spd_out/spd/s-fb1b96da
s-df120043,nmasks01_sr2.00e+00_srl2.00e+00_imp2.00e-03_p1.00e+00,197.638563209,3.2939760534833336,00:03:17,0.7587198615074158,0.917042076587677,0.6003976464271545,1,2.0,2.0,0.002,1.0,wandb/run-20260322_175230-s-df120043,/Users/abdulhakeemadefioye/Desktop/deep-learning/koko_spd/spd_out/spd/s-df120043
s-9ee8725c,nmasks01_sr5.00e-01_srl2.00e+00_imp3.00e-03_p1.00e+00,194.004013834,3.2334002305666667,00:03:14,0.8933837115764618,0.8950687050819397,0.8916987180709839,1,0.5,2.0,0.003,1.0,wandb/run-20260322_130729-s-9ee8725c,/Users/abdulhakeemadefioye/Desktop/deep-learning/koko_spd/spd_out/spd/s-9ee8725c
s-28f12959,nmasks01_sr5.00e-01_srl2.00e+00_imp2.00e-03_p2.00e+00,193.260013292,3.221000221533333,00:03:13,0.8965013921260834,0.8947280645370483,0.8982747197151184,1,0.5,2.0,0.002,2.0,wandb/run-20260322_130407-s-28f12959,/Users/abdulhakeemadefioye/Desktop/deep-learning/koko_spd/spd_out/spd/s-28f12959
s-ef904f93,nmasks01_sr1.00e+00_srl1.00e+00_imp3.00e-04_p1.00e+00,193.171221083,3.2195203513833333,00:03:13,0.5916372090578079,0.9103517532348633,0.27292266488075256,1,1.0,1.0,0.0003,1.0,wandb/run-20260322_135301-s-ef904f93,/Users/abdulhakeemadefioye/Desktop/deep-learning/koko_spd/spd_out/spd/s-ef904f93
s-10117539,nmasks01_sr5.00e-01_srl1.00e+00_imp1.00e-04_p2.00e+00,192.953971541,3.215899525683333,00:03:12,0.6533894687891006,0.9240728616714478,0.38270607590675354,1,0.5,1.0,0.0001,2.0,wandb/run-20260322_121328-s-10117539,/Users/abdulhakeemadefioye/Desktop/deep-learning/koko_spd/spd_out/spd/s-10117539
s-d95cb5bd,nmasks01_sr1.00e+00_srl2.00e+00_imp3.00e-04_p1.00e+00,192.87716425,3.2146194041666667,00:03:12,0.5784803330898285,0.9366268515586853,0.22033381462097168,1,1.0,2.0,0.0003,1.0,wandb/run-20260322_142531-s-d95cb5bd,/Users/abdulhakeemadefioye/Desktop/deep-learning/koko_spd/spd_out/spd/s-d95cb5bd
s-8afc8375,nmasks01_sr5.00e-01_srl2.00e+00_imp3.00e-03_p2.00e+00,192.497642416,3.2082940402666664,00:03:12,0.9008670151233673,0.895179271697998,0.9065547585487366,1,0.5,2.0,0.003,2.0,wandb/run-20260322_131049-s-8afc8375,/Users/abdulhakeemadefioye/Desktop/deep-learning/koko_spd/spd_out/spd/s-8afc8375
s-7d9b3fff,nmasks01_sr1.00e+00_srl1.00e+00_imp1.00e-04_p2.00e+00,191.565115708,3.192751928466667,00:03:11,0.6208113431930542,0.8972974419593811,0.3443252444267273,1,1.0,1.0,0.0001,2.0,wandb/run-20260322_134944-s-7d9b3fff,/Users/abdulhakeemadefioye/Desktop/deep-learning/koko_spd/spd_out/spd/s-7d9b3fff
s-20133139,nmasks01_sr5.00e-01_srl1.00e+00_imp3.00e-04_p1.00e+00,191.210665416,3.1868444236,00:03:11,0.6328480690717697,0.8987086415290833,0.3669874966144562,1,0.5,1.0,0.0003,1.0,wandb/run-20260322_121646-s-20133139,/Users/abdulhakeemadefioye/Desktop/deep-learning/koko_spd/spd_out/spd/s-20133139
s-010922f9,nmasks01_sr1.00e+00_srl2.00e+00_imp3.00e-03_p2.00e+00,191.199987542,3.1866664590333333,00:03:11,0.896277517080307,0.8952437043190002,0.8973113298416138,1,1.0,2.0,0.003,2.0,wandb/run-20260322_144820-s-010922f9,/Users/abdulhakeemadefioye/Desktop/deep-learning/koko_spd/spd_out/spd/s-010922f9
s-1e34d68a,nmasks01_sr1.00e+00_srl2.00e+00_imp2.00e-03_p2.00e+00,191.186607208,3.1864434534666666,00:03:11,0.8507969081401825,0.8975152969360352,0.8040785193443298,1,1.0,2.0,0.002,2.0,wandb/run-20260322_144147-s-1e34d68a,/Users/abdulhakeemadefioye/Desktop/deep-learning/koko_spd/spd_out/spd/s-1e34d68a
s-a74aaaf6,nmasks01_sr2.00e+00_srl5.00e-01_imp1.00e-04_p1.00e+00,191.101853125,3.1850308854166665,00:03:11,0.685806393623352,0.9394914507865906,0.4321213364601135,1,2.0,0.5,0.0001,1.0,wandb/run-20260322_145137-s-a74aaaf6,/Users/abdulhakeemadefioye/Desktop/deep-learning/koko_spd/spd_out/spd/s-a74aaaf6
s-8080d41f,nmasks01_sr1.00e+00_srl1.00e+00_imp2.00e-03_p1.00e+00,190.791008375,3.179850139583333,00:03:10,0.8935454189777374,0.8943745493888855,0.8927162885665894,1,1.0,1.0,0.002,1.0,wandb/run-20260322_140606-s-8080d41f,/Users/abdulhakeemadefioye/Desktop/deep-learning/koko_spd/spd_out/spd/s-8080d41f
s-cb319abc,nmasks01_sr1.00e+00_srl2.00e+00_imp3.00e-03_p1.00e+00,190.69026175,3.1781710291666667,00:03:10,0.8931858241558075,0.8943164944648743,0.8920551538467407,1,1.0,2.0,0.003,1.0,wandb/run-20260322_144503-s-cb319abc,/Users/abdulhakeemadefioye/Desktop/deep-learning/koko_spd/spd_out/spd/s-cb319abc
s-e5207b41,nmasks01_sr1.00e+00_srl2.00e+00_imp1.00e-04_p1.00e+00,190.592618,3.176543633333333,00:03:10,0.6764667183160782,0.9363856911659241,0.4165477454662323,1,1.0,2.0,0.0001,1.0,wandb/run-20260322_141900-s-e5207b41,/Users/abdulhakeemadefioye/Desktop/deep-learning/koko_spd/spd_out/spd/s-e5207b41
s-d5d8c1fd,nmasks01_sr1.00e+00_srl1.00e+00_imp1.00e-03_p2.00e+00,190.4202225,3.173670375,00:03:10,0.7965826988220215,0.8920761942863464,0.7010892033576965,1,1.0,1.0,0.001,2.0,wandb/run-20260322_140250-s-d5d8c1fd,/Users/abdulhakeemadefioye/Desktop/deep-learning/koko_spd/spd_out/spd/s-d5d8c1fd
s-5a0564c1,nmasks01_sr1.00e+00_srl5.00e-01_imp3.00e-04_p2.00e+00,190.017252583,3.1669542097166663,00:03:10,0.6910386830568314,0.9439399838447571,0.43813738226890564,1,1.0,0.5,0.0003,2.0,wandb/run-20260322_132350-s-5a0564c1,/Users/abdulhakeemadefioye/Desktop/deep-learning/koko_spd/spd_out/spd/s-5a0564c1
s-20bafe24,nmasks01_sr1.00e+00_srl1.00e+00_imp1.00e-03_p1.00e+00,189.992542958,3.166542382633333,00:03:09,0.6878135353326797,0.8971341252326965,0.47849294543266296,1,1.0,1.0,0.001,1.0,wandb/run-20260322_135934-s-20bafe24,/Users/abdulhakeemadefioye/Desktop/deep-learning/koko_spd/spd_out/spd/s-20bafe24
s-8b44de1b,nmasks01_sr1.00e+00_srl5.00e-01_imp1.00e-04_p1.00e+00,189.9355885,3.1655931416666667,00:03:09,0.6130291372537613,0.9551115036010742,0.27094677090644836,1,1.0,0.5,0.0001,1.0,wandb/run-20260322_131407-s-8b44de1b,/Users/abdulhakeemadefioye/Desktop/deep-learning/koko_spd/spd_out/spd/s-8b44de1b
s-077c16d5,nmasks01_sr1.00e+00_srl5.00e-01_imp1.00e-04_p2.00e+00,189.858942208,3.164315703466667,00:03:09,0.6494856029748917,0.900713324546814,0.39825788140296936,1,1.0,0.5,0.0001,2.0,wandb/run-20260322_131722-s-077c16d5,/Users/abdulhakeemadefioye/Desktop/deep-learning/koko_spd/spd_out/spd/s-077c16d5
s-d2fc0a7d,nmasks01_sr5.00e-01_srl2.00e+00_imp2.00e-03_p1.00e+00,189.844605416,3.1640767569333335,00:03:09,0.8930628001689911,0.8942569494247437,0.8918686509132385,1,0.5,2.0,0.002,1.0,wandb/run-20260322_130052-s-d2fc0a7d,/Users/abdulhakeemadefioye/Desktop/deep-learning/koko_spd/spd_out/spd/s-d2fc0a7d
s-bc2bf5d7,nmasks01_sr1.00e+00_srl2.00e+00_imp3.00e-04_p2.00e+00,189.726422792,3.1621070465333334,00:03:09,0.6100470721721649,0.9351286888122559,0.284965455532074,1,1.0,2.0,0.0003,2.0,wandb/run-20260322_142849-s-bc2bf5d7,/Users/abdulhakeemadefioye/Desktop/deep-learning/koko_spd/spd_out/spd/s-bc2bf5d7
s-75d25ef2,nmasks01_sr1.00e+00_srl5.00e-01_imp1.00e-03_p2.00e+00,189.59909,3.159984833333333,00:03:09,0.8481318950653076,0.8948814272880554,0.8013823628425598,1,1.0,0.5,0.001,2.0,wandb/run-20260322_133020-s-75d25ef2,/Users/abdulhakeemadefioye/Desktop/deep-learning/koko_spd/spd_out/spd/s-75d25ef2
s-976c8bf5,nmasks01_sr1.00e+00_srl5.00e-01_imp3.00e-03_p1.00e+00,189.506237667,3.15843729445,00:03:09,0.8941996097564697,0.8958643674850464,0.8925348520278931,1,1.0,0.5,0.003,1.0,wandb/run-20260322_134003-s-976c8bf5,/Users/abdulhakeemadefioye/Desktop/deep-learning/koko_spd/spd_out/spd/s-976c8bf5
s-bd3bbc97,nmasks01_sr1.00e+00_srl2.00e+00_imp1.00e-03_p1.00e+00,189.325901083,3.1554316847166666,00:03:09,0.6671873182058334,0.8917971253395081,0.4425775110721588,1,1.0,2.0,0.001,1.0,wandb/run-20260322_143205-s-bd3bbc97,/Users/abdulhakeemadefioye/Desktop/deep-learning/koko_spd/spd_out/spd/s-bd3bbc97
s-b0a6c5d5,nmasks01_sr1.00e+00_srl2.00e+00_imp2.00e-03_p1.00e+00,189.313664875,3.155227747916667,00:03:09,0.8379169404506683,0.9159546494483948,0.7598792314529419,1,1.0,2.0,0.002,1.0,wandb/run-20260322_143832-s-b0a6c5d5,/Users/abdulhakeemadefioye/Desktop/deep-learning/koko_spd/spd_out/spd/s-b0a6c5d5
s-144f1e60,nmasks01_sr1.00e+00_srl5.00e-01_imp2.00e-03_p1.00e+00,189.2442275,3.1540704583333334,00:03:09,0.892726480960846,0.8947528004646301,0.8907001614570618,1,1.0,0.5,0.002,1.0,wandb/run-20260322_133335-s-144f1e60,/Users/abdulhakeemadefioye/Desktop/deep-learning/koko_spd/spd_out/spd/s-144f1e60
s-704af715,nmasks01_sr5.00e-01_srl5.00e-01_imp3.00e-03_p2.00e+00,189.117055542,3.1519509257,00:03:09,0.9189649522304535,0.8942780494689941,0.9436518549919128,1,0.5,0.5,0.003,2.0,wandb/run-20260322_120700-s-704af715,/Users/abdulhakeemadefioye/Desktop/deep-learning/koko_spd/spd_out/spd/s-704af715
s-97d69e95,nmasks01_sr1.00e+00_srl1.00e+00_imp3.00e-04_p2.00e+00,188.835965666,3.1472660944333333,00:03:08,0.7539740204811096,0.9015681147575378,0.6063799262046814,1,1.0,1.0,0.0003,2.0,wandb/run-20260322_135620-s-97d69e95,/Users/abdulhakeemadefioye/Desktop/deep-learning/koko_spd/spd_out/spd/s-97d69e95
s-58128598,nmasks01_sr5.00e-01_srl2.00e+00_imp1.00e-03_p2.00e+00,188.682080334,3.1447013389,00:03:08,0.760936051607132,0.9046287536621094,0.6172433495521545,1,0.5,2.0,0.001,2.0,wandb/run-20260322_125737-s-58128598,/Users/abdulhakeemadefioye/Desktop/deep-learning/koko_spd/spd_out/spd/s-58128598
s-4452ee8f,nmasks01_sr1.00e+00_srl1.00e+00_imp2.00e-03_p2.00e+00,188.595537167,3.1432589527833334,00:03:08,0.8957001864910126,0.8948927521705627,0.8965076208114624,1,1.0,1.0,0.002,2.0,wandb/run-20260322_140923-s-4452ee8f,/Users/abdulhakeemadefioye/Desktop/deep-learning/koko_spd/spd_out/spd/s-4452ee8f
s-a43664ad,nmasks01_sr1.00e+00_srl2.00e+00_imp1.00e-04_p2.00e+00,188.516089916,3.1419348319333333,00:03:08,0.5311373025178909,0.9194275736808777,0.14284703135490417,1,1.0,2.0,0.0001,2.0,wandb/run-20260322_142217-s-a43664ad,/Users/abdulhakeemadefioye/Desktop/deep-learning/koko_spd/spd_out/spd/s-a43664ad
s-51531bf9,nmasks01_sr1.00e+00_srl5.00e-01_imp1.00e-03_p1.00e+00,188.221972625,3.1370328770833336,00:03:08,0.7472259104251862,0.8951638340950012,0.5992879867553711,1,1.0,0.5,0.001,1.0,wandb/run-20260322_132706-s-51531bf9,/Users/abdulhakeemadefioye/Desktop/deep-learning/koko_spd/spd_out/spd/s-51531bf9
s-c10e8f0d,nmasks01_sr1.00e+00_srl5.00e-01_imp3.00e-03_p2.00e+00,188.079424875,3.13465708125,00:03:08,0.9076226353645325,0.8954368233680725,0.9198084473609924,1,1.0,0.5,0.003,2.0,wandb/run-20260322_134318-s-c10e8f0d,/Users/abdulhakeemadefioye/Desktop/deep-learning/koko_spd/spd_out/spd/s-c10e8f0d
s-f91c6b56,nmasks01_sr2.00e+00_srl5.00e-01_imp3.00e-04_p1.00e+00,188.015264042,3.1335877340333336,00:03:08,0.6791309416294098,0.9072747826576233,0.4509871006011963,1,2.0,0.5,0.0003,1.0,wandb/run-20260322_145805-s-f91c6b56,/Users/abdulhakeemadefioye/Desktop/deep-learning/koko_spd/spd_out/spd/s-f91c6b56
s-482a678a,nmasks01_sr5.00e-01_srl1.00e+00_imp1.00e-04_p1.00e+00,187.906883208,3.1317813868,00:03:07,0.6395710110664368,0.9548326730728149,0.3243093490600586,1,0.5,1.0,0.0001,1.0,wandb/run-20260322_121015-s-482a678a,/Users/abdulhakeemadefioye/Desktop/deep-learning/koko_spd/spd_out/spd/s-482a678a
s-67e565eb,nmasks01_sr5.00e-01_srl5.00e-01_imp3.00e-03_p1.00e+00,187.812569417,3.1302094902833333,00:03:07,0.8956482708454132,0.8964716792106628,0.8948248624801636,1,0.5,0.5,0.003,1.0,wandb/run-20260322_120347-s-67e565eb,/Users/abdulhakeemadefioye/Desktop/deep-learning/koko_spd/spd_out/spd/s-67e565eb
s-724063cf,nmasks01_sr1.00e+00_srl5.00e-01_imp2.00e-03_p2.00e+00,187.545804583,3.125763409716667,00:03:07,0.8973553776741028,0.8951312303543091,0.8995795249938965,1,1.0,0.5,0.002,2.0,wandb/run-20260322_133650-s-724063cf,/Users/abdulhakeemadefioye/Desktop/deep-learning/koko_spd/spd_out/spd/s-724063cf
s-6af3fe75,nmasks01_sr5.00e-01_srl2.00e+00_imp1.00e-04_p2.00e+00,187.361349417,3.1226891569500004,00:03:07,0.6292528510093689,0.9161556959152222,0.3423500061035156,1,0.5,2.0,0.0001,2.0,wandb/run-20260322_124447-s-6af3fe75,/Users/abdulhakeemadefioye/Desktop/deep-learning/koko_spd/spd_out/spd/s-6af3fe75
s-c68c67fa,nmasks01_sr1.00e+00_srl1.00e+00_imp3.00e-03_p1.00e+00,187.098471833,3.118307863883333,00:03:07,0.8929927349090576,0.894743025302887,0.8912424445152283,1,1.0,1.0,0.003,1.0,wandb/run-20260322_141236-s-c68c67fa,/Users/abdulhakeemadefioye/Desktop/deep-learning/koko_spd/spd_out/spd/s-c68c67fa
s-66817d79,nmasks01_sr1.00e+00_srl5.00e-01_imp3.00e-04_p1.00e+00,187.004366333,3.1167394388833336,00:03:07,0.6808468550443649,0.9133911728858948,0.4483025372028351,1,1.0,0.5,0.0003,1.0,wandb/run-20260322_132037-s-66817d79,/Users/abdulhakeemadefioye/Desktop/deep-learning/koko_spd/spd_out/spd/s-66817d79
s-08458081,nmasks01_sr5.00e-01_srl5.00e-01_imp1.00e-03_p1.00e+00,186.948650167,3.1158108361166668,00:03:06,0.8934337496757507,0.8945989608764648,0.8922685384750366,1,0.5,0.5,0.001,1.0,wandb/run-20260322_115058-s-08458081,/Users/abdulhakeemadefioye/Desktop/deep-learning/koko_spd/spd_out/spd/s-08458081
s-7754f365,nmasks01_sr1.00e+00_srl2.00e+00_imp1.00e-03_p2.00e+00,186.87825825,3.1146376375,00:03:06,0.8012264370918274,0.9113029837608337,0.691149890422821,1,1.0,2.0,0.001,2.0,wandb/run-20260322_143519-s-7754f365,/Users/abdulhakeemadefioye/Desktop/deep-learning/koko_spd/spd_out/spd/s-7754f365
s-3ecbe050,nmasks01_sr5.00e-01_srl2.00e+00_imp1.00e-03_p1.00e+00,186.819559708,3.113659328466667,00:03:06,0.7822234928607941,0.8913559913635254,0.6730909943580627,1,0.5,2.0,0.001,1.0,wandb/run-20260322_125425-s-3ecbe050,/Users/abdulhakeemadefioye/Desktop/deep-learning/koko_spd/spd_out/spd/s-3ecbe050
s-bb188579,nmasks01_sr5.00e-01_srl5.00e-01_imp2.00e-03_p2.00e+00,186.801473792,3.113357896533333,00:03:06,0.836916446685791,0.8953007459640503,0.7785321474075317,1,0.5,0.5,0.002,2.0,wandb/run-20260322_120034-s-bb188579,/Users/abdulhakeemadefioye/Desktop/deep-learning/koko_spd/spd_out/spd/s-bb188579
s-ec55312d,nmasks01_sr5.00e-01_srl5.00e-01_imp2.00e-03_p1.00e+00,186.685161584,3.1114193597333335,00:03:06,0.8953160643577576,0.8957887291908264,0.8948433995246887,1,0.5,0.5,0.002,1.0,wandb/run-20260322_115722-s-ec55312d,/Users/abdulhakeemadefioye/Desktop/deep-learning/koko_spd/spd_out/spd/s-ec55312d
s-05907986,nmasks01_sr5.00e-01_srl5.00e-01_imp1.00e-03_p2.00e+00,186.641296708,3.1106882784666667,00:03:06,0.8935251235961914,0.8949193358421326,0.8921309113502502,1,0.5,0.5,0.001,2.0,wandb/run-20260322_115410-s-05907986,/Users/abdulhakeemadefioye/Desktop/deep-learning/koko_spd/spd_out/spd/s-05907986
s-97b63e99,nmasks01_sr5.00e-01_srl2.00e+00_imp3.00e-04_p2.00e+00,186.501367334,3.1083561222333334,00:03:06,0.6371367573738098,0.9096174836158752,0.3646560311317444,1,0.5,2.0,0.0003,2.0,wandb/run-20260322_125113-s-97b63e99,/Users/abdulhakeemadefioye/Desktop/deep-learning/koko_spd/spd_out/spd/s-97b63e99
s-0a5eea72,nmasks01_sr5.00e-01_srl1.00e+00_imp3.00e-04_p2.00e+00,186.431881459,3.107198024316667,00:03:06,0.7216796278953552,0.93062824010849,0.5127310156822205,1,0.5,1.0,0.0003,2.0,wandb/run-20260322_122003-s-0a5eea72,/Users/abdulhakeemadefioye/Desktop/deep-learning/koko_spd/spd_out/spd/s-0a5eea72
s-e7c0759f,nmasks01_sr2.00e+00_srl5.00e-01_imp1.00e-04_p2.00e+00,186.1368545,3.1022809083333334,00:03:06,0.5603301152586937,0.9056354761123657,0.21502475440502167,1,2.0,0.5,0.0001,2.0,wandb/run-20260322_145453-s-e7c0759f,/Users/abdulhakeemadefioye/Desktop/deep-learning/koko_spd/spd_out/spd/s-e7c0759f
s-7f7820bb,nmasks01_sr1.00e+00_srl1.00e+00_imp1.00e-04_p1.00e+00,186.042884,3.100714733333333,00:03:06,0.6686803996562958,0.9038704633712769,0.4334903359413147,1,1.0,1.0,0.0001,1.0,wandb/run-20260322_134632-s-7f7820bb,/Users/abdulhakeemadefioye/Desktop/deep-learning/koko_spd/spd_out/spd/s-7f7820bb
s-1bd8dde8,nmasks01_sr5.00e-01_srl1.00e+00_imp2.00e-03_p1.00e+00,185.325428292,3.0887571382,00:03:05,0.8930505812168121,0.8952089548110962,0.8908922076225281,1,0.5,1.0,0.002,1.0,wandb/run-20260322_122926-s-1bd8dde8,/Users/abdulhakeemadefioye/Desktop/deep-learning/koko_spd/spd_out/spd/s-1bd8dde8
s-c8a7430f,nmasks01_sr1.00e+00_srl1.00e+00_imp3.00e-03_p2.00e+00,185.004269958,3.0834044993000003,00:03:05,0.9006781578063965,0.8948774337768555,0.9064788818359375,1,1.0,1.0,0.003,2.0,wandb/run-20260322_141549-s-c8a7430f,/Users/abdulhakeemadefioye/Desktop/deep-learning/koko_spd/spd_out/spd/s-c8a7430f
s-e0e1122e,nmasks01_sr2.00e+00_srl5.00e-01_imp3.00e-03_p1.00e+00,184.947855333,3.08246425555,00:03:04,0.8923824727535248,0.8946957588195801,0.8900691866874695,1,2.0,0.5,0.003,1.0,wandb/run-20260322_151702-s-e0e1122e,/Users/abdulhakeemadefioye/Desktop/deep-learning/koko_spd/spd_out/spd/s-e0e1122e
s-c8e0a30c,nmasks01_sr2.00e+00_srl5.00e-01_imp1.00e-03_p1.00e+00,184.651184083,3.0775197347166667,00:03:04,0.6838770508766174,0.9113827347755432,0.45637136697769165,1,2.0,0.5,0.001,1.0,wandb/run-20260322_150428-s-c8e0a30c,/Users/abdulhakeemadefioye/Desktop/deep-learning/koko_spd/spd_out/spd/s-c8e0a30c
s-4418599c,nmasks01_sr5.00e-01_srl5.00e-01_imp1.00e-04_p2.00e+00,184.548971125,3.075816185416667,00:03:04,0.6472746580839157,0.9363262057304382,0.3582231104373932,1,0.5,0.5,0.0001,2.0,wandb/run-20260322_114128-s-4418599c,/Users/abdulhakeemadefioye/Desktop/deep-learning/koko_spd/spd_out/spd/s-4418599c
s-5d605146,nmasks01_sr5.00e-01_srl5.00e-01_imp3.00e-04_p2.00e+00,184.496470583,3.074941176383333,00:03:04,0.7831469178199768,0.8927119374275208,0.6735818982124329,1,0.5,0.5,0.0003,2.0,wandb/run-20260322_114748-s-5d605146,/Users/abdulhakeemadefioye/Desktop/deep-learning/koko_spd/spd_out/spd/s-5d605146
s-e5296ac5,nmasks01_sr2.00e+00_srl5.00e-01_imp1.00e-03_p2.00e+00,184.402722167,3.0733787027833332,00:03:04,0.7730828821659088,0.916228175163269,0.6299375891685486,1,2.0,0.5,0.001,2.0,wandb/run-20260322_150738-s-e5296ac5,/Users/abdulhakeemadefioye/Desktop/deep-learning/koko_spd/spd_out/spd/s-e5296ac5
s-1737920b,nmasks01_sr2.00e+00_srl5.00e-01_imp3.00e-04_p2.00e+00,184.181958209,3.069699303483333,00:03:04,0.6624873280525208,0.9252845644950867,0.39969009160995483,1,2.0,0.5,0.0003,2.0,wandb/run-20260322_150118-s-1737920b,/Users/abdulhakeemadefioye/Desktop/deep-learning/koko_spd/spd_out/spd/s-1737920b
s-a2db5380,nmasks01_sr5.00e-01_srl5.00e-01_imp1.00e-04_p1.00e+00,183.901110291,3.0650185048500003,00:03:03,0.6841808259487152,0.8934318423271179,0.4749298095703125,1,0.5,0.5,0.0001,1.0,wandb/run-20260322_113819-s-a2db5380,/Users/abdulhakeemadefioye/Desktop/deep-learning/koko_spd/spd_out/spd/s-a2db5380
s-040d4981,nmasks01_sr5.00e-01_srl5.00e-01_imp3.00e-04_p1.00e+00,183.583766,3.059729433333333,00:03:03,0.7370509803295135,0.8845357298851013,0.5895662307739258,1,0.5,0.5,0.0003,1.0,wandb/run-20260322_114439-s-040d4981,/Users/abdulhakeemadefioye/Desktop/deep-learning/koko_spd/spd_out/spd/s-040d4981
s-09eeebc3,nmasks01_sr2.00e+00_srl1.00e+00_imp1.00e-04_p2.00e+00,183.435181209,3.05725302015,00:03:03,0.5804890543222427,0.905219554901123,0.2557585537433624,1,2.0,1.0,0.0001,2.0,wandb/run-20260322_152630-s-09eeebc3,/Users/abdulhakeemadefioye/Desktop/deep-learning/koko_spd/spd_out/spd/s-09eeebc3
s-25ed3c29,nmasks01_sr5.00e-01_srl2.00e+00_imp3.00e-04_p1.00e+00,182.947996958,3.0491332826333335,00:03:02,0.576119676232338,0.8883616328239441,0.2638777196407318,1,0.5,2.0,0.0003,1.0,wandb/run-20260322_124804-s-25ed3c29,/Users/abdulhakeemadefioye/Desktop/deep-learning/koko_spd/spd_out/spd/s-25ed3c29
s-a2a42b1a,nmasks01_sr2.00e+00_srl5.00e-01_imp3.00e-03_p2.00e+00,182.537880833,3.0422980138833333,00:03:02,0.8954531848430634,0.8941311836242676,0.8967751860618591,1,2.0,0.5,0.003,2.0,wandb/run-20260322_152013-s-a2a42b1a,/Users/abdulhakeemadefioye/Desktop/deep-learning/koko_spd/spd_out/spd/s-a2a42b1a
s-cdd66d9c,nmasks01_sr2.00e+00_srl5.00e-01_imp2.00e-03_p2.00e+00,181.811841,3.03019735,00:03:01,0.8511294424533844,0.9029825329780579,0.7992763519287109,1,2.0,0.5,0.002,2.0,wandb/run-20260322_151354-s-cdd66d9c,/Users/abdulhakeemadefioye/Desktop/deep-learning/koko_spd/spd_out/spd/s-cdd66d9c
s-7513eecc,nmasks01_sr2.00e+00_srl1.00e+00_imp1.00e-04_p1.00e+00,181.510093208,3.025168220133333,00:03:01,0.6423996537923813,0.9317679405212402,0.35303136706352234,1,2.0,1.0,0.0001,1.0,wandb/run-20260322_152323-s-7513eecc,/Users/abdulhakeemadefioye/Desktop/deep-learning/koko_spd/spd_out/spd/s-7513eecc
s-cf96c72e,nmasks01_sr5.00e-01_srl1.00e+00_imp1.00e-03_p2.00e+00,181.1574025,3.0192900416666664,00:03:01,0.8931950032711029,0.8945642709732056,0.8918257355690002,1,0.5,1.0,0.001,2.0,wandb/run-20260322_122619-s-cf96c72e,/Users/abdulhakeemadefioye/Desktop/deep-learning/koko_spd/spd_out/spd/s-cf96c72e
s-bef8c8b3,nmasks01_sr5.00e-01_srl1.00e+00_imp2.00e-03_p2.00e+00,181.059589959,3.0176598326499997,00:03:01,0.9024302065372467,0.8949301838874817,0.9099302291870117,1,0.5,1.0,0.002,2.0,wandb/run-20260322_123237-s-bef8c8b3,/Users/abdulhakeemadefioye/Desktop/deep-learning/koko_spd/spd_out/spd/s-bef8c8b3
s-3f3d7354,nmasks01_sr2.00e+00_srl1.00e+00_imp3.00e-04_p1.00e+00,179.661694125,2.99436156875,00:02:59,0.6624629944562912,0.9076594114303589,0.4172665774822235,1,2.0,1.0,0.0003,1.0,wandb/run-20260322_152939-s-3f3d7354,/Users/abdulhakeemadefioye/Desktop/deep-learning/koko_spd/spd_out/spd/s-3f3d7354
s-4bee38f7,nmasks01_sr5.00e-01_srl1.00e+00_imp1.00e-03_p1.00e+00,178.571753875,2.976195897916667,00:02:58,0.8205187618732452,0.8967543244361877,0.7442831993103027,1,0.5,1.0,0.001,1.0,wandb/run-20260322_122315-s-4bee38f7,/Users/abdulhakeemadefioye/Desktop/deep-learning/koko_spd/spd_out/spd/s-4bee38f7
s-67880cb4,nmasks01_sr2.00e+00_srl5.00e-01_imp2.00e-03_p1.00e+00,178.072072583,2.967867876383333,00:02:58,0.8171645700931549,0.8952045440673828,0.739124596118927,1,2.0,0.5,0.002,1.0,wandb/run-20260322_151050-s-67880cb4,/Users/abdulhakeemadefioye/Desktop/deep-learning/koko_spd/spd_out/spd/s-67880cb4
s-0212174e,nmasks01_sr5.00e-01_srl2.00e+00_imp1.00e-04_p1.00e+00,177.719043958,2.9619840659666665,00:02:57,0.683625727891922,0.9543138146400452,0.41293764114379883,1,0.5,2.0,0.0001,1.0,wandb/run-20260322_124144-s-0212174e,/Users/abdulhakeemadefioye/Desktop/deep-learning/koko_spd/spd_out/spd/s-0212174e
s-cce07adc,nmasks01_sr2.00e+00_srl1.00e+00_imp3.00e-04_p2.00e+00,177.236459417,2.9539409902833333,00:02:57,0.6765631139278412,0.913273811340332,0.43985241651535034,1,2.0,1.0,0.0003,2.0,wandb/run-20260322_153245-s-cce07adc,/Users/abdulhakeemadefioye/Desktop/deep-learning/koko_spd/spd_out/spd/s-cce07adc
s-7bd03f7d,nmasks01_sr2.00e+00_srl1.00e+00_imp1.00e-03_p1.00e+00,175.948586292,2.9324764381999997,00:02:55,0.7193426191806793,0.9108289480209351,0.5278562903404236,1,2.0,1.0,0.001,1.0,wandb/run-20260322_153548-s-7bd03f7d,/Users/abdulhakeemadefioye/Desktop/deep-learning/koko_spd/spd_out/spd/s-7bd03f7d
s-25422287,nmasks01_sr2.00e+00_srl1.00e+00_imp1.00e-03_p2.00e+00,175.4283125,2.9238052083333335,00:02:55,0.768759548664093,0.9084149599075317,0.6291041374206543,1,2.0,1.0,0.001,2.0,wandb/run-20260322_153849-s-25422287,/Users/abdulhakeemadefioye/Desktop/deep-learning/koko_spd/spd_out/spd/s-25422287
s-5800f844,nmasks01_sr2.00e+00_srl1.00e+00_imp2.00e-03_p2.00e+00,174.900219125,2.9150036520833336,00:02:54,0.8520028293132782,0.9018516540527344,0.802154004573822,1,2.0,1.0,0.002,2.0,wandb/run-20260322_154446-s-5800f844,/Users/abdulhakeemadefioye/Desktop/deep-learning/koko_spd/spd_out/spd/s-5800f844
s-c812810f,nmasks01_sr5.00e-01_srl1.00e+00_imp3.00e-03_p2.00e+00,174.486019792,2.908100329866667,00:02:54,0.9108873307704926,0.8942270874977112,0.9275475740432739,1,0.5,1.0,0.003,2.0,wandb/run-20260322_123844-s-c812810f,/Users/abdulhakeemadefioye/Desktop/deep-learning/koko_spd/spd_out/spd/s-c812810f
s-01d0625e,nmasks01_sr5.00e-01_srl1.00e+00_imp3.00e-03_p1.00e+00,173.068615084,2.8844769180666665,00:02:53,0.8938508927822113,0.8956732749938965,0.8920285105705261,1,0.5,1.0,0.003,1.0,wandb/run-20260322_123544-s-01d0625e,/Users/abdulhakeemadefioye/Desktop/deep-learning/koko_spd/spd_out/spd/s-01d0625e
s-d58ea01a,nmasks01_sr2.00e+00_srl1.00e+00_imp2.00e-03_p1.00e+00,170.110024917,2.83516708195,00:02:50,0.7158955931663513,0.9140599370002747,0.517731249332428,1,2.0,1.0,0.002,1.0,wandb/run-20260322_154150-s-d58ea01a,/Users/abdulhakeemadefioye/Desktop/deep-learning/koko_spd/spd_out/spd/s-d58ea01a
